,CO_MUNICIPIO,NO_MUNICIPIO,AFD_INF_12,AFD_FUN_12,AFD_MED_12,ATU_INF,ATU_AF,ATU_EM,HAD_INF,HAD_AI,HAD_EM,MEDIA_INSE,IED_1,IED_2,IED_3,IED_4,IED_56,IRD_0A2,IRD_2A3,IRD_3A4,IRD_4A5,TDI_FUN,TDI_MED,REGIAO
0,3500105.0,Adamantina,77.5,70.6,56.0,15.3,24.3,30.9,7.3,6.2,6.3,5.53,29.1,10.1,40.1,13.7,7.0,3.8,26.9,42.3,27.0,2.0,4.5,SP - Capital
1,3500204.0,Adolfo,66.7,80.8,59.6,15.9,19.9,22.8,9.5,5.6,4.5,5.23,34.2,2.6,31.6,21.1,10.5,0.0,20.0,80.0,0.0,6.8,16.9,SP - Capital
2,3500303.0,Aguaí,79.6,76.2,58.8,15.6,22.9,28.4,6.0,5.5,5.4,5.25,21.9,9.9,33.5,25.3,9.4,3.8,15.4,69.2,11.6,8.7,20.3,SP - Capital
3,3500402.0,Águas da Prata,65.9,73.0,61.8,12.5,17.9,21.3,5.8,4.9,4.6,5.47,25.5,13.7,11.8,41.2,7.8,12.5,37.5,50.0,0.0,10.1,11.7,SP - Capital
4,3500501.0,Águas de Lindóia,95.1,78.2,57.0,14.8,20.6,26.6,10.5,6.4,6.4,5.59,18.2,12.7,19.4,36.4,13.3,0.0,21.1,68.4,10.5,13.7,16.6,SP - Capital
5,3500550.0,Águas de Santa Bárbara,33.6,71.1,59.0,13.2,21.1,25.7,8.1,5.8,6.3,5.49,23.1,7.7,38.5,23.1,7.6,0.0,25.0,50.0,25.0,4.4,5.9,SP - Capital
6,3500600.0,Águas de São Pedro,51.7,85.6,42.6,12.4,20.5,22.5,9.2,9.2,6.0,5.83,8.5,23.4,36.2,21.3,10.6,0.0,33.3,66.7,0.0,2.7,11.1,SP - Capital
7,3500709.0,Agudos,90.2,80.10000000000001,68.5,16.2,24.6,25.5,7.5,6.2,5.4,5.31,15.5,11.8,20.5,42.1,10.1,0.0,50.0,46.4,3.6,4.3,10.4,SP - Capital
8,3500758.0,Alambari,92.9,92.0,60.7,13.4,20.1,25.2,5.9,5.7,7.0,5.22,35.6,4.8,31.0,23.8,4.8,14.3,57.1,28.6,0.0,7.4,2.6,SP - Capital
9,3500808.0,Alfredo Marcondes,88.2,84.4,44.8,21.0,23.2,18.3,8.8,5.2,5.2,5.5,16.6,6.7,16.7,46.7,13.3,0.0,66.7,0.0,33.3,5.8,3.9,SP - Capital
10,3500907.0,Altair,60.0,82.1,62.5,14.2,21.9,25.3,6.0,6.6,8.9,5.37,20.0,5.7,20.0,54.3,0.0,0.0,75.0,25.0,0.0,2.0,3.0,SP - Capital
11,3501004.0,Altinópolis,49.7,78.5,58.6,16.9,22.5,25.2,9.5,6.6,6.6,5.3,15.1,29.7,25.5,25.5,4.199999999999999,7.7,46.2,30.8,15.3,4.3,8.4,SP - Capital
12,3501103.0,Alto Alegre,52.9,88.9,52.8,15.0,20.4,13.8,8.3,6.5,5.2,5.21,19.4,25.8,51.6,3.2,0.0,25.0,25.0,50.0,0.0,1.9,11.7,SP - Capital
13,3501152.0,Alumínio,55.6,76.60000000000001,67.2,15.2,22.8,28.4,6.7,6.0,5.8,5.27,14.9,14.2,32.1,33.6,5.2,0.0,7.1,92.9,0.0,4.7,19.2,SP - Capital
14,3501202.0,Álvares Florence,31.7,73.5,50.0,13.1,17.9,34.7,9.3,6.0,8.9,5.28,20.6,17.9,15.4,41.0,5.1,0.0,33.3,66.7,0.0,2.8,2.9,SP - Capital
15,3501301.0,Álvares Machado,67.5,82.5,70.1,18.9,23.9,26.6,5.8,5.2,5.7,5.35,13.7,20.9,27.2,26.7,11.5,5.9,70.6,5.9,17.6,7.2,11.1,SP - Capital
16,3501400.0,Álvaro de Carvalho,90.0,80.0,56.5,20.8,19.8,21.8,8.8,5.3,5.6,5.12,37.5,6.3,12.5,37.5,6.2,20.0,0.0,60.0,20.0,2.5,5.7,SP - Capital
17,3501509.0,Alvinlândia,51.4,78.7,46.5,17.5,19.2,23.2,9.5,5.7,5.7,5.19,24.4,2.7,21.6,24.3,27.0,0.0,50.0,50.0,0.0,2.0,3.4,SP - Capital
18,3501608.0,Americana,75.0,78.10000000000001,63.4,14.0,27.6,30.5,6.7,6.3,5.9,5.53,11.9,32.8,27.1,22.2,6.0,17.1,29.5,37.0,16.4,2.9,7.1,SP - Capital
19,3501707.0,Américo Brasiliense,76.8,72.6,60.1,16.8,22.9,25.5,8.3,5.3,5.2,5.31,24.3,13.9,18.4,36.5,6.9,5.6,27.8,55.6,11.0,4.3,7.3,SP - Capital
20,3501806.0,Américo de Campos,56.9,72.5,69.1,18.1,23.4,18.7,8.4,6.8,6.4,5.36,12.5,8.9,16.1,50.0,12.5,0.0,60.0,40.0,0.0,4.7,6.4,SP - Capital
21,3501905.0,Amparo,76.7,80.0,64.9,13.1,22.2,25.0,7.6,6.0,5.8,5.43,24.5,14.8,22.3,27.5,10.899999999999999,12.7,56.4,21.8,9.1,4.4,10.7,SP - Capital
22,3502002.0,Analândia,42.2,78.7,42.6,14.0,18.5,20.0,7.4,5.6,5.3,5.46,44.0,7.3,26.8,19.5,2.4,0.0,33.3,33.3,33.4,4.7,15.0,SP - Capital
23,3502101.0,Andradina,61.3,80.19999999999999,65.0,14.9,24.3,29.3,6.4,5.6,6.0,5.37,18.3,11.6,26.5,34.8,8.8,6.3,35.4,45.8,12.5,3.5,6.6,SP - Capital
24,3502200.0,Angatuba,92.3,70.8,67.8,16.0,21.6,28.8,6.7,5.7,7.5,5.34,47.5,18.3,11.4,21.1,1.7000000000000002,0.0,46.2,46.2,7.6,5.0,12.5,SP - Capital
25,3502309.0,Anhembi,86.1,73.6,56.3,14.7,19.9,17.8,7.2,5.2,4.7,5.17,25.0,2.5,10.0,42.5,20.0,0.0,66.7,33.3,0.0,4.2,8.6,SP - Capital
26,3502408.0,Anhumas,77.8,80.0,52.8,15.8,21.4,22.0,8.1,6.9,8.5,5.17,24.1,6.1,36.4,27.3,6.1,0.0,100.0,0.0,0.0,4.2,10.2,SP - Capital
27,3502507.0,Aparecida,67.6,78.6,63.4,16.5,20.6,26.1,6.8,5.1,6.7,5.27,21.2,16.0,23.8,29.7,9.3,2.9,52.9,38.2,6.0,8.8,13.5,SP - Capital
28,3502606.0,Aparecida d'Oeste,59.5,83.1,50.0,14.8,19.8,19.6,7.2,6.5,7.9,5.24,21.7,5.4,32.4,35.1,5.4,0.0,33.3,33.3,33.4,3.3,10.8,SP - Capital
29,3502705.0,Apiaí,54.0,65.3,47.099999999999994,14.2,22.6,23.5,5.4,6.5,6.5,4.92,23.7,19.2,20.0,30.2,6.9,19.2,65.4,15.4,0.0,2.0,6.0,SP - Capital
30,3502754.0,Araçariguama,51.4,81.0,63.0,13.6,20.2,32.4,7.5,5.3,5.1,5.16,34.6,13.4,18.9,25.3,7.8,40.9,54.5,4.6,0.0,9.5,17.4,SP - Capital
31,3502804.0,Araçatuba,84.5,82.0,62.1,12.4,24.2,32.0,7.5,6.4,5.8,5.39,21.6,18.7,28.7,24.7,6.300000000000001,6.1,45.0,45.0,3.9,4.3,7.0,SP - Capital
32,3502903.0,Araçoiaba da Serra,92.5,80.4,48.8,16.4,22.6,31.0,7.3,5.5,6.0,5.38,21.2,22.4,30.4,21.2,4.800000000000001,6.9,55.2,31.0,6.9,3.1,4.7,SP - Capital
33,3503000.0,Aramina,41.7,67.9,58.8,16.5,23.2,26.0,6.9,5.0,5.6,5.38,23.2,0.0,18.6,44.2,14.0,0.0,75.0,25.0,0.0,7.6,12.3,SP - Capital
34,3503109.0,Arandu,46.0,79.5,35.0,20.6,25.4,27.0,6.8,5.7,5.9,5.23,21.1,0.0,65.8,10.5,2.6,16.7,33.3,33.3,16.7,2.4,12.1,SP - Capital
35,3503158.0,Arapeí,58.3,80.6,63.4,13.8,18.0,19.2,4.2,5.2,7.5,4.88,26.2,8.7,4.3,56.5,4.3,0.0,0.0,100.0,0.0,12.4,19.8,SP - Capital
36,3503208.0,Araraquara,62.6,78.2,64.9,9.7,23.6,30.6,6.7,5.9,6.1,5.42,21.8,17.4,23.5,30.2,7.1000000000000005,4.9,35.2,53.5,6.4,2.8,7.8,SP - Capital
37,3503307.0,Araras,60.6,77.1,66.2,17.2,24.7,30.8,5.5,6.1,6.3,5.49,16.6,24.7,27.3,24.4,7.0,6.3,32.5,55.0,6.2,3.0,8.7,SP - Capital
38,3503356.0,Arco-Íris,52.0,69.0,32.8,13.8,15.3,9.5,7.7,5.9,7.0,5.23,12.5,6.3,40.6,37.5,3.1,33.3,0.0,0.0,66.7,2.0,1.8,SP - Capital
39,3503406.0,Arealva,25.7,83.9,76.8,15.9,19.6,21.8,6.1,5.0,4.8,5.3,32.3,0.0,21.0,43.5,3.2,0.0,0.0,66.7,33.3,2.3,8.4,SP - Capital
40,3503505.0,Areias,50.0,73.5,58.9,14.6,17.6,23.7,4.5,4.5,7.0,4.89,52.5,13.2,13.2,5.3,15.8,0.0,40.0,20.0,40.0,3.2,10.6,SP - Capital
41,3503604.0,Areiópolis,22.7,62.5,65.2,17.4,21.8,21.0,7.6,5.7,4.8,5.3,42.0,13.2,23.7,14.5,6.6,0.0,22.2,44.4,33.4,6.3,17.2,SP - Capital
42,3503703.0,Ariranha,70.7,85.6,72.1,14.9,21.8,24.9,7.5,6.3,5.4,5.36,28.5,5.4,17.9,25.0,23.200000000000003,0.0,40.0,60.0,0.0,2.2,5.6,SP - Capital
43,3503802.0,Artur Nogueira,66.9,78.8,54.3,18.0,25.9,31.8,7.5,5.7,5.0,5.35,19.2,14.3,30.0,28.9,7.6,5.6,66.7,27.7,0.0,5.3,11.5,SP - Capital
44,3503901.0,Arujá,80.1,76.5,63.0,14.6,24.4,27.9,6.0,5.5,5.1,5.41,17.7,18.3,19.0,32.9,12.1,2.9,31.9,55.1,10.1,3.1,7.1,SP - Capital
45,3503950.0,Aspásia,50.0,84.9,53.6,13.3,19.3,18.7,4.0,8.6,9.0,5.31,7.1,25.0,28.6,39.3,0.0,0.0,50.0,0.0,50.0,1.4,10.7,SP - Capital
46,3504008.0,Assis,63.6,77.8,63.1,18.8,24.4,26.9,8.7,6.7,6.1,5.48,28.2,13.3,29.8,23.1,5.6,1.5,47.0,36.4,15.1,2.9,7.8,SP - Capital
47,3504107.0,Atibaia,60.4,82.7,62.800000000000004,17.3,27.5,32.4,6.1,5.9,5.4,5.39,9.0,25.5,28.0,31.4,6.1000000000000005,8.0,31.9,46.9,13.2,2.1,4.8,SP - Capital
48,3504206.0,Auriflama,57.7,81.0,65.8,12.5,19.7,22.1,7.0,5.4,5.3,5.25,21.8,5.5,29.1,33.6,10.0,8.3,50.0,41.7,0.0,2.7,4.6,SP - Capital
49,3504305.0,Avaí,60.4,59.2,33.6,13.9,14.5,16.4,4.9,5.7,6.6,5.1,37.1,24.3,17.1,18.6,2.9,0.0,25.0,62.5,12.5,4.9,9.3,SP - Capital
50,3504404.0,Avanhandava,68.4,79.4,53.4,18.2,24.2,23.5,7.9,5.7,5.4,5.12,24.8,6.7,13.5,40.4,14.6,0.0,25.0,62.5,12.5,7.4,18.1,SP - Capital
51,3504503.0,Avaré,49.6,77.1,70.89999999999999,15.7,23.4,31.4,7.1,5.7,7.3,5.35,17.1,11.7,38.5,26.1,6.6,5.6,39.4,46.5,8.5,3.5,6.9,SP - Capital
52,3504602.0,Bady Bassitt,52.6,78.9,55.7,18.6,28.2,30.1,8.1,5.3,5.0,5.53,9.9,27.5,17.6,35.9,9.1,16.7,41.7,41.6,0.0,7.3,17.5,SP - Capital
53,3504701.0,Balbinos,12.5,73.1,50.0,12.3,16.2,14.3,10.1,5.1,5.5,5.25,12.5,20.8,12.5,45.8,8.4,33.3,33.3,33.4,0.0,1.4,2.3,SP - Capital
54,3504800.0,Bálsamo,40.0,89.6,57.1,16.3,22.6,29.4,8.8,5.6,5.6,5.48,42.4,1.7,16.9,28.8,10.2,0.0,50.0,25.0,25.0,4.3,6.4,SP - Capital
55,3504909.0,Bananal,73.1,80.7,65.1,13.8,15.8,24.5,5.8,5.2,6.3,4.96,33.8,19.3,10.8,24.1,12.0,10.0,20.0,40.0,30.0,12.7,24.3,SP - Capital
56,3505005.0,Barão de Antonina,90.5,54.2,60.4,14.9,14.1,18.3,7.2,6.1,6.1,5.07,42.5,24.1,16.7,16.7,0.0,0.0,50.0,50.0,0.0,3.3,6.3,SP - Capital
57,3505104.0,Barbosa,69.0,84.6,33.8,14.6,24.0,24.6,5.7,7.1,5.5,4.99,39.1,14.6,39.0,4.9,2.4,0.0,60.0,20.0,20.0,4.9,15.1,SP - Capital
58,3505203.0,Bariri,60.4,75.6,71.2,15.3,21.5,26.3,7.3,5.2,5.6,5.33,22.4,13.8,19.0,31.9,12.899999999999999,0.0,40.7,51.9,7.4,3.0,8.5,SP - Capital
59,3505302.0,Barra Bonita,46.0,76.4,68.4,15.2,20.1,28.2,7.0,5.9,6.3,5.48,28.2,5.1,28.6,29.7,8.4,3.7,11.1,63.0,22.2,2.4,7.0,SP - Capital
60,3505351.0,Barra do Chapéu,85.0,68.9,55.1,16.1,18.9,19.2,7.0,6.2,7.0,4.79,37.3,22.0,11.9,27.1,1.7,31.3,56.3,6.3,6.1,1.9,4.3,SP - Capital
61,3505401.0,Barra do Turvo,80.0,66.5,57.0,15.5,20.9,24.5,4.9,6.8,6.3,4.74,34.1,5.1,20.3,39.2,1.3,10.0,40.0,50.0,0.0,6.0,9.7,SP - Capital
62,3505500.0,Barretos,71.7,75.3,65.0,15.8,25.6,30.3,9.6,6.7,7.0,5.31,19.7,14.9,35.8,23.3,6.3,8.9,56.7,30.0,4.4,9.8,11.6,SP - Capital
63,3505609.0,Barrinha,36.1,76.89999999999999,62.2,23.6,24.9,31.1,6.6,6.0,6.3,5.23,9.7,23.1,26.3,32.8,8.1,14.3,71.4,14.3,0.0,4.8,11.8,SP - Capital
64,3505708.0,Barueri,81.8,73.7,72.5,24.2,27.5,31.7,8.1,4.8,6.1,5.42,12.6,28.1,17.3,35.4,6.6,24.5,55.9,18.2,1.4,4.7,12.1,SP - Capital
65,3505807.0,Bastos,77.4,83.5,65.5,16.4,25.5,28.5,7.4,5.9,5.0,5.35,17.2,20.7,32.4,20.0,9.7,7.7,46.2,30.8,15.3,2.9,3.9,SP - Capital
66,3505906.0,Batatais,58.5,79.6,65.2,13.8,24.3,28.1,6.9,6.0,5.8,5.36,21.7,14.9,26.0,30.3,7.1,4.5,22.7,61.4,11.4,4.6,9.2,SP - Capital
67,3506003.0,Bauru,87.19999999999999,77.7,70.5,15.3,25.7,30.0,7.1,5.5,6.1,5.44,12.6,21.4,28.1,30.6,7.3,5.9,30.0,51.9,12.2,5.0,8.5,SP - Capital
68,3506102.0,Bebedouro,73.2,77.2,66.0,15.7,24.7,30.6,7.2,6.1,6.0,5.4,18.1,12.5,30.7,31.3,7.4,8.6,37.9,44.8,8.7,3.7,8.0,SP - Capital
69,3506201.0,Bento de Abreu,48.6,80.1,50.0,14.4,17.5,24.0,7.3,6.7,4.0,5.24,15.4,53.8,0.0,30.8,0.0,0.0,25.0,25.0,50.0,3.4,8.5,SP - Capital
70,3506300.0,Bernardino de Campos,52.1,79.2,61.3,14.1,20.2,25.4,8.0,5.5,5.9,5.31,26.0,2.0,23.0,38.0,11.0,0.0,7.7,69.2,23.1,2.7,5.9,SP - Capital
71,3506359.0,Bertioga,70.9,80.2,63.5,20.8,26.5,30.9,6.4,5.4,4.6,5.13,14.5,27.7,18.2,28.5,11.1,4.2,35.4,43.8,16.6,6.3,14.5,SP - Capital
72,3506409.0,Bilac,89.5,78.4,63.6,17.6,23.1,20.9,7.2,5.8,5.3,5.5,9.1,29.5,38.6,20.5,2.3,0.0,50.0,50.0,0.0,5.6,9.4,SP - Capital
73,3506508.0,Birigui,92.7,80.7,64.1,19.7,25.7,30.3,8.8,6.2,5.6,5.36,25.0,17.1,30.5,20.9,6.5,3.2,32.3,53.2,11.3,2.1,5.3,SP - Capital
74,3506607.0,Biritiba Mirim,88.5,77.7,70.8,15.7,23.2,28.6,5.8,5.0,5.2,5.1,32.5,7.9,27.2,28.8,3.6,0.0,25.0,55.0,20.0,6.7,9.9,SP - Capital
75,3506706.0,Boa Esperança do Sul,62.5,81.2,65.3,17.8,17.7,22.9,9.4,4.5,6.4,5.11,26.7,16.9,18.5,31.5,6.3999999999999995,0.0,0.0,90.0,10.0,7.4,13.6,SP - Capital
76,3506805.0,Bocaina,72.3,74.7,60.8,12.0,21.7,27.3,5.8,5.4,5.8,5.37,25.3,2.1,38.9,24.2,9.5,0.0,25.0,37.5,37.5,6.3,14.9,SP - Capital
77,3506904.0,Bofete,91.2,73.7,66.0,13.5,18.3,26.6,6.8,5.6,5.2,5.33,30.2,9.6,20.5,26.5,13.2,11.1,22.2,66.7,0.0,8.1,22.4,SP - Capital
78,3507001.0,Boituva,65.1,77.8,59.099999999999994,15.3,23.0,29.5,7.3,5.6,5.9,5.4,28.5,11.2,27.4,26.8,6.1,3.8,23.1,59.6,13.5,3.4,9.2,SP - Capital
79,3507100.0,Bom Jesus dos Perdões,69.8,79.0,67.7,17.6,28.3,33.2,5.4,6.0,5.5,5.29,12.8,35.7,31.6,14.0,5.8999999999999995,0.0,20.0,66.7,13.3,3.4,4.2,SP - Capital
80,3507159.0,Bom Sucesso de Itararé,70.7,76.6,45.0,11.7,22.7,27.3,5.9,6.0,6.4,4.86,40.6,15.6,31.3,9.4,3.1,0.0,100.0,0.0,0.0,1.3,8.4,SP - Capital
81,3507209.0,Borá,90.0,90.3,71.4,11.6,13.8,11.7,7.2,5.0,5.6,5.42,26.3,15.8,52.6,5.3,0.0,0.0,66.7,33.3,0.0,4.0,2.9,SP - Capital
82,3507308.0,Boracéia,11.8,74.5,65.7,16.0,23.3,26.7,10.0,6.9,6.9,5.37,15.4,7.7,38.5,34.6,3.8,0.0,40.0,40.0,20.0,2.7,9.4,SP - Capital
83,3507407.0,Borborema,70.0,70.6,54.7,16.4,23.7,30.3,8.3,7.0,6.9,5.29,16.7,13.3,35.0,26.7,8.3,0.0,54.5,45.5,0.0,1.9,7.4,SP - Capital
84,3507456.0,Borebi,42.9,75.8,41.8,16.7,23.7,17.6,7.0,7.9,5.0,5.16,8.4,22.2,41.7,19.4,8.3,0.0,75.0,0.0,25.0,11.3,15.5,SP - Capital
85,3507506.0,Botucatu,79.5,80.8,73.0,12.9,25.1,27.7,8.3,6.1,5.9,5.43,16.9,22.9,31.2,24.3,4.7,13.4,35.7,45.5,5.4,4.1,10.1,SP - Capital
86,3507605.0,Bragança Paulista,49.1,77.19999999999999,64.9,15.7,25.1,33.2,6.0,6.3,6.1,5.39,24.1,17.7,28.6,22.9,6.7,4.8,37.9,47.6,9.7,5.6,9.2,SP - Capital
87,3507704.0,Braúna,50.0,80.0,47.1,16.5,20.7,19.1,10.0,6.1,5.6,5.24,34.9,16.3,30.2,18.6,0.0,0.0,40.0,40.0,20.0,6.8,16.1,SP - Capital
88,3507753.0,Brejo Alegre,56.3,81.6,47.2,12.0,19.3,27.5,10.9,8.2,4.1,5.2,31.1,17.2,44.8,6.9,0.0,0.0,33.3,0.0,66.7,2.4,6.5,SP - Capital
89,3507803.0,Brodowski,51.8,73.5,56.1,13.1,21.1,30.4,7.0,5.5,5.2,5.45,31.0,13.2,22.3,25.9,7.6,12.5,56.3,25.0,6.2,6.8,16.0,SP - Capital
90,3507902.0,Brotas,57.3,82.3,58.5,14.5,21.6,29.6,6.3,5.6,5.6,5.34,24.2,9.3,29.2,23.6,13.7,5.3,15.8,57.9,21.0,5.1,10.2,SP - Capital
91,3508009.0,Buri,87.6,77.8,65.3,20.9,24.9,29.1,6.1,4.8,6.5,5.08,38.2,16.4,27.6,14.9,2.9000000000000004,10.5,26.3,52.6,10.6,5.6,8.6,SP - Capital
92,3508108.0,Buritama,83.9,78.2,58.4,15.9,23.9,30.0,7.0,6.0,5.8,5.38,25.2,12.1,40.2,17.8,4.699999999999999,0.0,36.4,54.5,9.1,1.0,3.0,SP - Capital
93,3508207.0,Buritizal,50.0,77.9,61.9,12.8,17.8,17.6,9.2,4.9,7.7,5.4,30.3,3.0,27.3,36.4,3.0,0.0,50.0,50.0,0.0,18.1,17.0,SP - Capital
94,3508306.0,Cabrália Paulista,44.4,87.5,64.8,14.5,21.3,23.7,6.2,5.7,6.7,5.34,32.3,25.8,22.6,16.1,3.2,20.0,20.0,60.0,0.0,3.9,8.2,SP - Capital
95,3508405.0,Cabreúva,70.7,75.10000000000001,49.3,16.4,26.1,29.4,6.3,5.4,5.0,5.26,27.9,18.5,26.0,21.7,5.9,0.0,21.9,53.1,25.0,6.3,11.4,SP - Capital
96,3508504.0,Caçapava,82.8,81.60000000000001,65.6,19.4,24.0,29.0,5.0,5.4,6.4,5.33,15.1,19.9,32.2,27.0,5.800000000000001,5.0,31.7,48.3,15.0,7.0,10.5,SP - Capital
97,3508603.0,Cachoeira Paulista,76.7,76.60000000000001,61.900000000000006,15.5,19.3,24.3,5.7,5.6,6.9,5.18,19.7,16.6,24.9,31.7,7.1,0.0,39.4,39.4,21.2,5.8,12.0,SP - Capital
98,3508702.0,Caconde,84.1,71.1,50.6,13.1,21.5,26.4,6.8,5.4,5.7,5.29,26.5,5.5,25.8,28.9,13.299999999999999,20.0,20.0,50.0,10.0,3.9,10.4,SP - Capital
99,3508801.0,Cafelândia,60.0,77.7,49.2,15.9,22.5,24.0,7.1,6.2,5.5,5.34,26.2,13.4,29.1,20.9,10.4,14.3,57.1,28.6,0.0,5.9,12.4,SP - Capital
100,3508900.0,Caiabu,75.0,76.2,61.3,16.0,18.3,20.0,7.8,6.0,6.4,5.26,36.0,16.7,11.1,30.6,5.6,0.0,40.0,40.0,20.0,3.9,4.7,SP - Capital
101,3509007.0,Caieiras,64.2,81.1,62.1,15.8,23.8,29.8,6.0,5.6,5.5,5.4,26.1,15.2,27.4,23.2,8.1,13.0,55.1,29.0,2.9,3.0,5.5,SP - Capital
102,3509106.0,Caiuá,40.0,75.0,57.4,13.8,20.0,15.8,6.7,6.7,8.1,5.21,21.3,8.5,21.3,48.9,0.0,0.0,40.0,60.0,0.0,8.1,10.8,SP - Capital
103,3509205.0,Cajamar,93.5,74.7,61.0,19.0,25.4,31.5,7.0,5.4,6.2,5.21,11.5,17.2,25.6,37.6,8.1,0.0,40.7,51.9,7.4,3.6,8.3,SP - Capital
104,3509254.0,Cajati,78.4,77.4,57.4,17.3,26.5,29.3,5.1,5.4,5.4,5.03,19.0,22.0,19.5,31.4,8.1,4.2,20.8,58.3,16.7,2.6,5.2,SP - Capital
105,3509304.0,Cajobi,62.0,77.4,72.2,20.9,22.5,24.1,8.5,5.4,9.0,5.3,34.7,19.2,11.5,26.9,7.699999999999999,0.0,22.2,77.8,0.0,3.1,3.1,SP - Capital
106,3509403.0,Cajuru,59.7,74.80000000000001,55.5,15.5,23.0,24.1,7.5,5.9,5.5,5.22,15.8,12.5,24.5,35.2,12.0,4.8,19.0,66.7,9.5,3.2,8.7,SP - Capital
107,3509452.0,Campina do Monte Alegre,57.5,88.6,52.5,16.6,21.1,22.9,7.1,5.4,7.0,5.16,29.4,19.5,26.8,19.5,4.8,20.0,0.0,80.0,0.0,2.8,5.2,SP - Capital
108,3509502.0,Campinas,80.1,79.19999999999999,66.5,19.8,26.2,30.5,7.1,5.5,5.4,5.36,14.0,26.4,24.1,28.7,6.8,10.8,49.7,34.9,4.6,5.1,12.7,SP - Capital
109,3509601.0,Campo Limpo Paulista,61.4,81.30000000000001,66.0,13.9,22.8,31.0,6.3,5.8,6.7,5.37,27.9,16.3,29.8,18.3,7.699999999999999,11.3,54.7,30.2,3.8,5.4,11.1,SP - Capital
110,3509700.0,Campos do Jordão,86.3,81.1,68.3,15.9,23.4,29.6,7.2,5.4,6.2,5.31,26.7,15.8,25.3,26.4,5.800000000000001,14.6,10.4,66.7,8.3,3.0,9.1,SP - Capital
111,3509809.0,Campos Novos Paulista,41.1,81.9,57.1,16.4,21.0,25.5,7.5,5.0,5.5,5.27,36.3,2.3,6.8,50.0,4.6,0.0,25.0,50.0,25.0,6.9,7.2,SP - Capital
112,3509908.0,Cananéia,97.8,69.5,46.6,15.8,18.6,23.6,5.7,5.4,5.6,4.93,39.8,5.1,14.7,33.8,6.6,17.6,23.5,29.4,29.5,9.0,11.1,SP - Capital
113,3509957.0,Canas,90.5,79.2,67.9,15.8,21.2,24.0,5.0,5.0,6.9,5.0,23.8,14.3,21.4,31.0,9.5,16.7,33.3,50.0,0.0,8.8,11.1,SP - Capital
114,3510005.0,Cândido Mota,70.7,80.8,61.9,17.6,22.1,24.3,7.2,5.4,6.3,5.34,25.6,2.3,29.7,29.7,12.7,5.3,47.4,36.8,10.5,1.2,3.1,SP - Capital
115,3510104.0,Cândido Rodrigues,33.3,79.4,64.9,8.5,18.5,10.4,9.3,9.0,4.1,5.5,6.2,50.0,18.8,15.6,9.4,0.0,75.0,25.0,0.0,4.2,8.4,SP - Capital
116,3510153.0,Canitar,27.3,71.7,61.6,18.3,20.3,18.8,6.5,5.3,7.7,5.01,32.0,6.0,22.0,32.0,8.0,0.0,25.0,50.0,25.0,2.5,1.9,SP - Capital
117,3510203.0,Capão Bonito,74.7,70.7,51.1,18.3,21.5,29.2,7.2,5.5,6.0,5.12,37.9,15.4,22.3,16.6,7.8,7.1,42.9,42.9,7.1,2.6,8.4,SP - Capital
118,3510302.0,Capela do Alto,74.6,78.10000000000001,58.8,11.6,22.8,31.5,5.2,5.0,6.0,5.23,30.6,25.6,15.0,21.3,7.5,11.8,29.4,58.8,0.0,1.9,5.5,SP - Capital
119,3510401.0,Capivari,56.0,74.5,51.300000000000004,19.2,25.2,34.1,7.2,6.1,5.8,5.44,16.5,18.6,24.9,28.4,11.6,2.6,53.8,43.6,0.0,11.3,14.2,SP - Capital
120,3510500.0,Caraguatatuba,83.8,78.0,63.9,20.9,23.7,29.4,7.5,5.4,6.1,5.22,19.1,18.2,23.7,32.4,6.6,8.7,55.4,35.9,0.0,3.6,7.4,SP - Capital
121,3510609.0,Carapicuíba,71.8,80.2,64.0,16.0,29.6,35.5,6.6,5.7,5.6,5.19,4.1,22.8,31.9,32.7,8.5,8.4,47.7,41.9,2.0,4.5,9.1,SP - Capital
122,3510708.0,Cardoso,39.6,76.4,57.599999999999994,12.0,20.3,25.6,9.3,6.1,8.8,5.33,23.8,21.6,13.4,28.9,12.3,0.0,25.0,75.0,0.0,9.4,7.0,SP - Capital
123,3510807.0,Casa Branca,83.5,76.10000000000001,71.8,12.3,21.8,28.2,7.9,6.2,6.7,5.27,23.6,16.4,25.8,24.9,9.3,16.7,45.8,29.2,8.3,4.3,10.1,SP - Capital
124,3510906.0,Cássia dos Coqueiros,84.2,89.8,65.0,12.7,18.5,15.0,8.2,5.4,5.6,5.12,39.3,34.8,13.0,4.3,8.6,0.0,40.0,20.0,40.0,11.1,17.3,SP - Capital
125,3511003.0,Castilho,59.4,84.6,67.3,15.0,24.9,32.1,6.5,6.3,6.6,5.22,30.9,14.4,30.2,20.9,3.6,7.7,69.2,23.1,0.0,3.7,6.6,SP - Capital
126,3511102.0,Catanduva,83.69999999999999,75.19999999999999,71.60000000000001,12.0,24.9,30.6,8.1,5.9,6.5,5.38,16.9,16.3,27.0,29.1,10.7,2.7,23.0,55.4,18.9,2.1,7.8,SP - Capital
127,3511201.0,Catiguá,93.1,70.1,70.9,18.0,23.4,23.3,9.9,5.4,5.3,5.28,19.6,2.0,39.2,29.4,9.8,0.0,75.0,0.0,25.0,3.6,15.7,SP - Capital
128,3511300.0,Cedral,66.0,82.5,53.0,18.4,28.7,34.9,9.2,5.0,6.4,5.5,18.4,30.0,25.0,23.3,3.3,0.0,25.0,50.0,25.0,7.0,19.9,SP - Capital
129,3511409.0,Cerqueira César,45.7,78.4,57.8,15.7,21.1,20.7,7.3,5.7,7.0,5.28,25.7,5.1,41.0,22.1,6.1,0.0,45.0,50.0,5.0,3.4,7.6,SP - Capital
130,3511508.0,Cerquilho,71.5,79.3,62.300000000000004,16.8,22.8,29.5,7.8,5.4,5.8,5.47,27.1,11.6,18.2,35.0,8.1,0.0,37.5,53.1,9.4,2.6,5.4,SP - Capital
131,3511607.0,Cesário Lange,91.8,77.2,60.9,15.8,22.1,27.4,7.5,5.1,5.3,5.18,35.8,11.9,22.5,20.5,9.3,0.0,33.3,55.6,11.1,12.2,12.8,SP - Capital
132,3511706.0,Charqueada,73.6,82.2,54.7,18.7,21.9,30.5,7.9,6.3,6.2,5.44,34.1,5.4,24.0,31.8,4.7,0.0,27.3,63.6,9.1,3.7,13.1,SP - Capital
133,3511904.0,Clementina,52.6,83.3,44.4,14.9,22.9,24.7,7.0,6.6,5.6,5.26,36.8,2.0,36.7,18.4,6.1,0.0,0.0,100.0,0.0,5.6,13.6,SP - Capital
134,3512001.0,Colina,75.0,75.1,57.3,13.9,23.5,28.9,8.1,5.7,6.0,5.24,27.9,10.4,25.2,27.8,8.7,0.0,16.7,77.8,5.5,4.1,11.2,SP - Capital
135,3512100.0,Colômbia,66.2,79.6,67.7,14.7,22.1,27.1,9.3,6.2,8.0,5.22,40.9,9.8,23.0,16.4,9.899999999999999,12.5,37.5,37.5,12.5,16.0,15.3,SP - Capital
136,3512209.0,Conchal,49.0,77.7,52.6,15.5,23.2,32.1,8.0,6.0,5.6,5.19,14.2,6.6,32.7,35.4,11.1,7.4,48.1,40.7,3.8,4.7,7.0,SP - Capital
137,3512308.0,Conchas,87.7,71.4,60.9,15.6,19.3,24.8,11.2,6.1,4.8,5.35,26.4,8.8,21.6,23.0,20.200000000000003,26.7,46.7,26.6,0.0,2.6,9.0,SP - Capital
138,3512407.0,Cordeirópolis,56.8,75.2,72.3,18.6,25.5,33.0,9.8,6.5,5.3,5.45,23.9,19.0,21.0,29.0,7.1,0.0,25.0,65.0,10.0,8.7,20.2,SP - Capital
139,3512506.0,Coroados,100.0,93.5,54.4,16.2,23.1,22.4,10.3,6.6,6.5,5.27,33.3,4.8,23.8,38.1,0.0,25.0,50.0,25.0,0.0,3.3,6.6,SP - Capital
140,3512605.0,Coronel Macedo,51.5,77.8,51.7,17.1,21.7,19.8,9.8,6.0,6.2,5.0,37.5,12.5,37.5,12.5,0.0,0.0,33.3,66.7,0.0,3.8,7.1,SP - Capital
141,3512704.0,Corumbataí,78.1,81.4,52.0,14.4,18.9,22.0,6.2,5.6,8.7,5.34,28.0,31.3,6.3,25.0,9.4,0.0,25.0,75.0,0.0,8.6,3.8,SP - Capital
142,3512803.0,Cosmópolis,62.6,74.7,58.199999999999996,19.2,23.8,32.2,6.3,5.4,6.5,5.41,24.9,20.3,18.6,28.1,8.1,5.4,40.5,54.1,0.0,9.6,14.9,SP - Capital
143,3512902.0,Cosmorama,82.9,79.4,50.0,16.7,19.7,28.9,6.7,6.0,9.0,5.06,28.6,8.6,17.1,44.3,1.4,0.0,25.0,50.0,25.0,3.6,9.9,SP - Capital
144,3513009.0,Cotia,69.7,81.10000000000001,65.3,16.7,25.6,31.8,6.3,5.2,5.3,5.29,14.9,15.7,29.0,32.1,8.3,4.1,36.8,52.8,6.3,5.9,11.2,SP - Capital
145,3513108.0,Cravinhos,81.3,75.1,60.0,14.8,26.6,24.6,8.9,5.3,5.7,5.48,8.7,13.4,28.5,38.1,11.3,0.0,16.7,70.8,12.5,13.9,20.8,SP - Capital
146,3513207.0,Cristais Paulista,67.5,85.8,50.5,17.5,24.1,28.2,8.9,5.0,5.2,5.29,23.3,11.6,24.6,29.0,11.5,0.0,50.0,50.0,0.0,8.4,16.4,SP - Capital
147,3513306.0,Cruzália,100.0,70.8,71.4,16.5,22.3,15.3,9.0,7.1,9.0,5.39,18.2,4.5,77.3,0.0,0.0,33.3,33.3,33.4,0.0,0.0,2.2,SP - Capital
148,3513405.0,Cruzeiro,71.9,71.19999999999999,59.9,15.3,21.5,26.8,6.1,5.5,6.3,5.15,21.9,16.6,23.2,29.1,9.2,5.1,50.8,33.9,10.2,4.2,6.7,SP - Capital
149,3513504.0,Cubatão,70.10000000000001,82.0,65.3,15.1,23.8,30.2,6.0,5.8,5.4,5.14,16.5,18.4,21.5,31.3,12.3,1.3,32.5,60.0,6.2,8.7,15.3,SP - Capital
150,3513603.0,Cunha,93.8,57.6,63.7,11.7,16.0,23.1,4.0,6.0,7.1,4.91,29.5,16.3,33.5,19.2,1.5,28.2,28.2,25.6,18.0,5.7,12.2,SP - Capital
151,3513702.0,Descalvado,67.5,72.89999999999999,64.60000000000001,18.9,22.6,29.2,7.6,5.4,6.8,5.41,25.4,15.0,21.5,34.3,3.8,9.4,50.0,37.5,3.1,5.4,10.3,SP - Capital
152,3513801.0,Diadema,90.2,81.8,65.7,20.4,27.4,31.3,6.0,5.9,5.1,5.19,8.2,20.8,28.1,33.9,9.0,9.7,43.2,43.2,3.9,2.9,7.8,SP - Capital
153,3513850.0,Dirce Reis,75.0,84.3,42.9,14.3,19.0,14.3,5.6,8.2,9.0,5.06,13.1,21.7,60.9,4.3,0.0,0.0,50.0,0.0,50.0,7.6,9.3,SP - Capital
154,3513900.0,Divinolândia,58.3,74.6,50.0,15.4,17.8,30.7,5.5,5.0,5.3,5.33,25.3,6.7,17.3,42.7,8.0,37.5,25.0,37.5,0.0,2.2,5.1,SP - Capital
155,3514007.0,Dobrada,57.4,80.5,46.8,13.3,26.4,26.3,5.1,5.4,5.5,5.1,16.7,15.0,15.0,38.3,15.0,0.0,14.3,57.1,28.6,3.0,5.2,SP - Capital
156,3514106.0,Dois Córregos,39.8,81.4,62.9,15.4,23.0,30.1,6.9,5.1,5.0,5.25,22.8,14.7,24.9,25.4,12.2,0.0,26.7,60.0,13.3,2.4,6.5,SP - Capital
157,3514205.0,Dolcinópolis,25.0,83.9,57.1,22.8,19.3,18.0,8.1,6.7,9.0,5.21,38.5,3.8,15.4,42.3,0.0,0.0,0.0,100.0,0.0,7.4,20.4,SP - Capital
158,3514304.0,Dourado,65.1,75.6,67.2,9.7,18.2,31.7,4.5,4.5,9.0,5.45,34.0,13.2,26.4,22.6,3.8,0.0,14.3,28.6,57.1,3.5,2.7,SP - Capital
159,3514403.0,Dracena,76.1,79.3,64.9,16.2,23.1,26.8,8.1,6.5,6.7,5.51,20.7,9.3,31.9,31.1,7.0,9.1,21.2,48.5,21.2,2.5,4.4,SP - Capital
160,3514502.0,Duartina,93.1,73.6,58.6,12.9,20.9,22.2,6.0,5.9,5.5,5.28,20.4,16.5,16.5,34.0,12.6,0.0,9.1,27.3,63.6,3.0,3.5,SP - Capital
161,3514601.0,Dumont,80.0,69.8,57.3,16.4,21.9,27.5,8.1,5.7,7.2,5.22,11.6,11.5,34.6,26.9,15.4,0.0,12.5,87.5,0.0,3.9,5.0,SP - Capital
162,3514700.0,Echaporã,58.8,79.8,50.9,15.0,20.7,32.0,7.2,5.0,5.1,5.26,18.6,4.2,27.1,39.6,10.5,0.0,50.0,50.0,0.0,3.7,10.0,SP - Capital
163,3514809.0,Eldorado,57.3,67.4,50.5,13.1,17.8,23.0,6.4,5.3,6.8,4.77,41.9,8.1,12.5,29.4,8.1,34.4,43.8,18.8,3.0,9.4,15.0,SP - Capital
164,3514908.0,Elias Fausto,46.3,73.6,52.099999999999994,20.0,22.4,29.6,6.5,4.9,4.6,5.26,24.3,12.6,18.5,34.5,10.100000000000001,7.7,23.1,61.5,7.7,8.2,13.1,SP - Capital
165,3514924.0,Elisiário,100.0,81.5,72.4,13.7,18.9,15.9,6.7,5.0,4.9,5.25,55.6,14.8,0.0,25.9,3.7,0.0,33.3,66.7,0.0,0.9,0.8,SP - Capital
166,3514957.0,Embaúba,87.5,84.0,64.3,19.6,23.4,17.0,9.0,8.0,9.0,5.15,12.0,20.0,0.0,56.0,12.0,0.0,100.0,0.0,0.0,1.3,5.9,SP - Capital
167,3515004.0,Embu das Artes,54.6,79.0,60.9,18.7,28.1,31.1,6.2,5.7,5.6,5.17,6.0,19.4,32.8,33.7,8.1,13.1,43.1,40.8,3.0,3.9,9.8,SP - Capital
168,3515103.0,Embu-Guaçu,88.7,77.3,61.199999999999996,16.2,25.5,28.6,6.8,5.7,6.0,5.23,9.0,26.7,28.9,30.0,5.4,5.0,61.7,31.7,1.6,2.4,5.1,Embu-Guaçu
169,3515129.0,Emilianópolis,75.8,80.1,55.2,15.9,16.6,15.2,9.0,7.9,4.4,5.17,25.0,45.8,0.0,20.8,8.4,0.0,33.3,33.3,33.4,4.9,17.1,SP - Capital
170,3515152.0,Engenheiro Coelho,92.9,79.1,68.7,18.1,21.8,35.0,8.4,4.9,4.8,5.0,17.7,7.3,40.9,26.8,7.3,0.0,25.0,75.0,0.0,10.2,11.1,SP - Capital
171,3515186.0,Espírito Santo do Pinhal,50.0,74.3,62.9,16.1,23.5,29.7,7.3,5.4,6.0,5.51,18.7,17.6,18.3,33.8,11.6,5.1,35.9,46.2,12.8,3.7,8.2,SP - Capital
172,3515194.0,Espírito Santo do Turvo,100.0,78.4,76.3,16.7,20.8,17.8,9.2,7.0,6.5,5.16,44.4,25.0,25.0,5.6,0.0,0.0,25.0,50.0,25.0,3.7,12.5,SP - Capital
173,3515202.0,Estrela d'Oeste,48.1,75.5,62.5,12.7,19.6,18.5,7.4,5.5,6.8,5.42,27.8,12.5,34.7,18.1,6.9,0.0,57.1,42.9,0.0,10.0,8.6,SP - Capital
174,3515301.0,Estrela do Norte,50.0,83.0,71.7,14.7,19.5,15.6,7.6,5.6,4.7,5.27,6.7,3.3,23.3,46.7,20.0,0.0,25.0,50.0,25.0,2.4,4.6,SP - Capital
175,3515350.0,Euclides da Cunha Paulista,65.4,81.7,51.3,17.5,16.6,15.2,6.7,6.1,5.6,5.05,23.1,8.1,16.2,35.4,17.2,0.0,54.5,45.5,0.0,3.6,11.3,SP - Capital
176,3515400.0,Fartura,31.9,65.3,58.5,18.3,23.5,28.4,10.5,5.4,5.4,5.28,32.5,4.8,21.1,35.4,6.199999999999999,0.0,23.1,61.5,15.4,1.3,2.8,SP - Capital
177,3515509.0,Fernandópolis,50.4,78.3,64.6,13.9,23.6,28.7,7.0,6.3,6.9,5.45,15.5,18.7,39.0,22.8,4.0,0.0,38.8,49.0,12.2,4.4,8.9,SP - Capital
178,3515608.0,Fernando Prestes,93.5,76.7,63.9,15.8,20.6,19.9,9.0,8.8,6.4,5.38,18.5,10.5,18.4,39.5,13.1,0.0,42.9,42.9,14.2,2.5,11.6,SP - Capital
179,3515657.0,Fernão,100.0,70.8,57.1,13.4,26.0,24.3,6.7,9.0,9.0,5.5,3.8,15.4,42.3,38.5,0.0,0.0,50.0,0.0,50.0,1.7,2.7,SP - Capital
180,3515707.0,Ferraz de Vasconcelos,76.6,88.0,66.39999999999999,17.9,28.1,32.9,7.1,5.3,5.7,5.22,9.6,22.1,23.7,35.0,9.6,8.0,40.9,44.3,6.8,4.7,11.4,SP - Capital
181,3515806.0,Flora Rica,66.7,51.2,46.4,16.0,14.4,19.3,4.8,5.1,5.5,4.78,28.7,7.1,21.4,21.4,21.4,33.3,33.3,0.0,33.4,0.8,5.2,SP - Capital
182,3515905.0,Floreal,76.2,85.4,53.6,14.3,20.0,21.7,9.0,9.0,8.8,5.37,3.5,37.9,13.8,41.4,3.4,0.0,0.0,100.0,0.0,5.4,10.8,SP - Capital
183,3516002.0,Flórida Paulista,39.5,80.5,56.7,14.4,22.4,19.5,7.8,5.7,6.3,5.11,46.6,3.4,36.2,8.6,5.2,0.0,50.0,12.5,37.5,3.7,6.7,SP - Capital
184,3516101.0,Florínea,94.3,84.5,67.9,15.4,25.1,26.3,7.4,6.7,9.1,5.23,27.7,6.9,51.7,10.3,3.4,0.0,20.0,40.0,40.0,1.1,2.5,SP - Capital
185,3516200.0,Franca,57.7,83.2,69.0,17.9,24.5,31.7,9.1,5.8,5.3,5.43,20.3,14.1,28.6,27.7,9.3,16.5,49.6,26.8,7.1,4.2,7.6,SP - Capital
186,3516309.0,Francisco Morato,89.4,85.80000000000001,63.3,18.4,28.3,32.5,6.0,5.5,4.6,5.05,6.6,17.3,32.6,34.0,9.5,5.6,41.7,51.4,1.3,3.6,8.4,SP - Capital
187,3516408.0,Franco da Rocha,90.5,84.8,63.8,13.9,26.3,30.4,6.4,5.7,5.5,5.21,12.7,15.7,33.0,31.4,7.199999999999999,9.4,48.2,36.5,5.9,2.6,6.0,SP - Capital
188,3516507.0,Gabriel Monteiro,75.0,82.39999999999999,61.5,15.0,21.6,26.7,6.6,6.5,9.2,5.49,22.3,3.7,37.0,33.3,3.7,0.0,25.0,25.0,50.0,2.0,5.0,SP - Capital
189,3516606.0,Gália,96.0,76.5,53.0,15.9,20.9,20.2,7.8,6.7,6.6,5.16,28.2,0.0,37.0,30.4,4.4,0.0,0.0,66.7,33.3,2.7,11.9,SP - Capital
190,3516705.0,Garça,89.0,81.0,62.0,18.3,25.7,26.5,7.3,6.4,6.1,5.29,22.2,13.5,27.3,27.9,9.1,13.2,50.0,26.3,10.5,3.6,8.9,SP - Capital
191,3516804.0,Gastão Vidigal,85.0,72.1,50.0,14.5,20.6,25.8,6.2,6.6,7.0,5.12,26.7,40.0,30.0,0.0,3.3,0.0,33.3,33.3,33.4,1.6,5.8,SP - Capital
192,3516853.0,Gavião Peixoto,96.0,90.7,64.3,13.3,18.3,23.3,7.3,7.6,7.5,5.22,12.1,24.1,37.9,20.7,5.2,0.0,50.0,25.0,25.0,1.4,3.6,SP - Capital
193,3516903.0,General Salgado,92.0,75.5,61.5,15.9,18.7,31.4,8.0,5.3,9.0,5.39,28.5,22.0,29.7,18.7,1.1,50.0,33.3,8.3,8.4,4.0,5.7,SP - Capital
194,3517000.0,Getulina,60.9,70.8,44.0,16.7,22.1,25.0,5.8,5.2,8.8,5.08,19.0,14.5,30.4,30.4,5.699999999999999,37.5,37.5,25.0,0.0,7.4,9.3,SP - Capital
195,3517109.0,Glicério,97.6,89.7,42.9,14.6,19.1,33.3,8.6,7.1,9.0,5.3,29.0,5.3,28.9,26.3,10.5,0.0,20.0,40.0,40.0,3.3,2.0,SP - Capital
196,3517208.0,Guaiçara,78.0,79.7,63.4,16.0,23.9,26.2,6.8,5.8,4.8,5.25,22.1,8.7,23.1,31.7,14.399999999999999,12.5,50.0,37.5,0.0,5.3,17.7,SP - Capital
197,3517307.0,Guaimbê,66.7,81.4,46.6,19.4,25.6,25.3,8.6,6.9,5.6,5.27,30.5,16.7,36.1,13.9,2.8,0.0,0.0,100.0,0.0,3.1,10.3,SP - Capital
198,3517406.0,Guaíra,48.7,72.9,60.4,12.2,22.7,27.1,8.4,5.7,5.5,5.28,19.1,4.9,32.1,35.2,8.7,0.0,20.0,72.0,8.0,3.4,11.9,SP - Capital
199,3517505.0,Guapiaçu,49.6,79.9,61.0,15.4,22.1,30.8,7.9,5.2,5.0,5.33,39.7,16.3,19.9,16.3,7.8,30.0,40.0,30.0,0.0,8.8,25.0,SP - Capital
200,3517604.0,Guapiara,76.6,54.4,52.0,13.5,19.5,23.2,5.1,5.5,6.5,4.79,37.3,14.8,9.5,27.2,11.2,20.7,55.2,20.7,3.4,1.2,3.9,SP - Capital
201,3517703.0,Guará,54.5,79.8,50.8,12.9,18.9,31.8,7.8,5.6,8.0,5.22,16.5,15.9,31.8,27.2,8.6,0.0,5.6,50.0,44.4,3.9,6.5,SP - Capital
202,3517802.0,Guaraçaí,56.9,74.8,51.3,12.2,18.9,28.1,6.8,5.3,5.3,5.42,26.1,5.8,24.6,34.8,8.7,0.0,42.9,57.1,0.0,3.2,7.6,SP - Capital
203,3517901.0,Guaraci,63.1,72.7,51.2,15.5,22.0,34.2,8.7,5.5,5.6,5.18,27.6,9.2,26.2,27.7,9.3,0.0,0.0,71.4,28.6,3.8,5.5,SP - Capital
204,3518008.0,Guarani d'Oeste,81.8,78.4,57.1,11.6,18.9,15.0,7.9,8.4,9.1,5.28,8.0,24.0,56.0,12.0,0.0,0.0,50.0,0.0,50.0,3.4,6.7,SP - Capital
205,3518107.0,Guarantã,49.2,73.1,61.7,15.4,25.2,17.2,7.0,6.7,7.7,5.15,15.5,3.8,44.2,26.9,9.6,16.7,83.3,0.0,0.0,6.6,10.7,SP - Capital
206,3518206.0,Guararapes,86.3,78.5,65.2,13.6,26.4,30.4,5.9,6.1,7.1,5.28,8.5,13.0,41.0,33.0,4.5,0.0,0.0,42.3,57.7,3.2,2.8,SP - Capital
207,3518305.0,Guararema,96.2,82.9,53.3,10.6,23.0,23.9,5.7,5.6,5.7,5.31,31.2,11.2,34.4,19.6,3.5999999999999996,12.9,61.3,22.6,3.2,2.9,7.1,SP - Capital
208,3518404.0,Guaratinguetá,73.9,76.8,67.10000000000001,17.2,22.2,27.4,6.3,5.8,6.5,5.35,22.5,17.9,23.1,27.1,9.4,4.9,48.8,32.9,13.4,5.0,12.1,SP - Capital
209,3518503.0,Guareí,41.6,54.3,67.0,13.0,22.4,30.0,6.5,6.2,5.8,5.19,33.5,12.6,33.3,19.5,1.1,9.1,18.2,27.3,45.4,6.9,8.4,SP - Capital
210,3518602.0,Guariba,65.5,90.9,62.9,16.5,20.5,29.4,7.1,5.1,5.6,5.17,31.4,6.3,23.9,29.0,9.4,6.9,51.7,31.0,10.4,2.9,9.0,SP - Capital
211,3518701.0,Guarujá,62.9,73.1,56.5,18.9,27.3,32.6,6.9,5.0,5.1,5.07,9.2,24.1,25.4,31.5,9.8,14.3,43.5,39.6,2.6,5.7,12.9,SP - Capital
212,3518800.0,Guarulhos,81.3,79.6,68.7,18.6,27.6,30.0,6.9,5.6,5.4,5.23,7.5,27.0,30.1,28.1,7.3,6.9,57.2,32.2,3.7,3.5,8.5,SP - Capital
213,3518859.0,Guatapará,36.5,81.4,60.9,12.1,16.1,25.4,5.4,5.5,7.1,5.21,31.8,3.3,23.3,30.0,11.600000000000001,0.0,28.6,57.1,14.3,7.6,14.5,SP - Capital
214,3518909.0,Guzolândia,39.6,85.5,45.5,11.7,20.1,26.0,6.7,6.0,6.6,4.98,31.5,18.4,21.1,21.1,7.9,0.0,25.0,75.0,0.0,4.0,8.0,SP - Capital
215,3519006.0,Herculândia,63.7,75.4,63.3,14.8,24.3,24.8,8.6,5.8,6.9,5.28,20.0,15.6,44.4,20.0,0.0,0.0,66.7,0.0,33.3,4.0,6.6,SP - Capital
216,3519055.0,Holambra,37.9,80.6,73.2,15.7,21.8,28.5,8.4,6.0,5.1,5.4,29.4,11.8,25.0,26.5,7.300000000000001,6.3,43.8,37.5,12.4,3.1,8.2,SP - Capital
217,3519071.0,Hortolândia,45.7,74.8,54.6,19.5,27.6,31.8,6.7,5.9,6.1,5.38,12.7,21.8,28.0,30.9,6.6,6.5,41.7,50.0,1.8,3.8,7.4,SP - Capital
218,3519105.0,Iacanga,46.3,79.39999999999999,55.0,16.2,23.0,29.1,6.7,4.9,5.1,5.26,27.0,21.8,17.9,25.6,7.7,0.0,25.0,62.5,12.5,2.0,13.0,SP - Capital
219,3519204.0,Iacri,100.0,68.5,53.7,14.9,23.8,24.8,6.9,5.8,7.0,5.3,12.5,22.5,32.5,20.0,12.5,0.0,50.0,50.0,0.0,4.7,7.3,SP - Capital
220,3519253.0,Iaras,57.6,84.4,59.8,17.5,16.6,14.8,7.4,4.6,5.0,5.07,20.5,5.9,26.5,27.9,19.200000000000003,0.0,33.3,66.7,0.0,8.3,24.8,SP - Capital
221,3519303.0,Ibaté,75.9,79.0,63.7,18.9,25.4,26.2,7.6,6.6,6.6,5.38,15.3,10.6,40.3,26.3,7.5,34.8,52.2,13.0,0.0,4.4,8.6,SP - Capital
222,3519402.0,Ibirá,66.2,80.5,47.6,14.1,19.2,21.6,7.8,6.1,5.0,5.3,30.5,5.4,19.6,26.1,18.4,0.0,57.1,42.9,0.0,3.4,8.2,SP - Capital
223,3519501.0,Ibirarema,88.5,80.8,67.5,13.5,21.0,15.3,7.3,5.0,4.9,5.13,18.5,9.3,20.4,37.0,14.8,0.0,25.0,75.0,0.0,4.4,12.2,SP - Capital
224,3519600.0,Ibitinga,53.0,73.4,61.5,17.6,24.8,27.8,7.4,6.0,5.5,5.3,12.3,18.5,31.7,29.3,8.2,2.6,31.6,52.6,13.2,3.4,6.2,SP - Capital
225,3519709.0,Ibiúna,85.4,79.69999999999999,58.300000000000004,14.3,22.3,28.5,5.7,5.2,5.8,5.14,28.9,8.5,27.5,28.0,7.1,14.5,44.6,37.3,3.6,5.7,8.7,SP - Capital
226,3519808.0,Icém,47.8,74.8,76.8,15.6,20.9,25.3,8.4,5.5,7.8,5.32,29.8,6.4,25.5,25.5,12.8,0.0,37.5,50.0,12.5,3.5,14.6,SP - Capital
227,3519907.0,Iepê,89.7,80.6,50.6,16.0,21.3,28.0,5.8,5.1,5.6,5.37,29.8,1.8,19.3,42.1,7.0,0.0,33.3,66.7,0.0,2.2,1.8,SP - Capital
228,3520004.0,Igaraçu do Tietê,64.9,79.1,68.6,17.6,22.9,29.0,7.8,5.6,5.4,5.15,17.2,4.8,28.0,37.5,12.5,0.0,42.9,50.0,7.1,5.7,9.3,SP - Capital
229,3520103.0,Igarapava,92.5,70.6,50.800000000000004,16.0,24.3,29.5,7.9,5.4,6.6,5.17,16.0,12.0,34.7,26.7,10.6,4.3,13.0,65.2,17.5,6.8,10.8,SP - Capital
230,3520202.0,Igaratá,87.1,73.39999999999999,66.89999999999999,16.3,21.6,26.0,8.3,6.2,5.3,5.19,21.0,17.1,20.0,30.5,11.399999999999999,30.0,30.0,30.0,10.0,10.4,9.0,SP - Capital
231,3520301.0,Iguape,92.9,72.9,60.8,17.5,21.1,26.4,6.1,5.8,7.7,4.98,24.1,17.6,29.0,24.4,4.9,16.1,48.4,22.6,12.9,1.5,3.0,SP - Capital
232,3520400.0,Ilhabela,42.900000000000006,78.1,53.4,16.5,19.8,24.4,8.2,6.0,6.7,5.11,21.2,16.0,30.2,28.2,4.4,50.0,36.4,13.6,0.0,5.9,9.5,SP - Capital
233,3520426.0,Ilha Comprida,57.9,76.3,63.4,17.8,24.3,31.2,7.7,5.1,5.2,5.17,33.6,15.9,23.9,20.4,6.2,30.0,30.0,40.0,0.0,1.7,6.2,SP - Capital
234,3520442.0,Ilha Solteira,56.5,85.3,84.10000000000001,12.5,23.2,26.1,7.7,7.2,7.1,5.41,21.5,30.2,23.7,20.7,3.9000000000000004,14.3,38.1,28.6,19.0,4.0,6.7,SP - Capital
235,3520509.0,Indaiatuba,61.8,79.9,61.6,18.9,28.4,34.7,6.6,5.8,5.6,5.54,10.2,30.0,26.6,27.9,5.3,7.7,38.7,45.8,7.8,5.8,9.0,SP - Capital
236,3520608.0,Indiana,68.8,83.8,47.7,21.6,23.9,22.8,7.3,5.3,5.3,5.25,13.5,5.4,18.9,59.5,2.7,0.0,66.7,33.3,0.0,2.9,6.1,SP - Capital
237,3520707.0,Indiaporã,80.0,77.0,46.4,13.4,20.4,28.0,7.3,8.2,9.0,5.25,8.9,35.6,51.1,2.2,2.2,0.0,50.0,50.0,0.0,7.1,8.3,SP - Capital
238,3520806.0,Inúbia Paulista,100.0,81.9,67.2,18.0,17.0,9.4,6.3,6.8,7.0,5.34,38.2,11.8,47.1,2.9,0.0,0.0,25.0,25.0,50.0,3.2,19.7,SP - Capital
239,3520905.0,Ipaussu,73.4,80.9,71.3,15.5,19.4,25.4,7.5,4.7,5.8,5.33,18.6,9.7,19.5,35.4,16.8,0.0,16.7,83.3,0.0,5.0,14.5,SP - Capital
240,3521002.0,Iperó,42.2,81.5,60.8,18.2,21.6,30.1,7.5,4.6,6.5,5.22,26.5,17.1,17.1,29.9,9.4,5.0,10.0,75.0,10.0,6.1,16.9,SP - Capital
241,3521101.0,Ipeúna,76.4,85.2,61.3,15.8,23.9,26.7,6.2,8.1,5.4,5.25,31.4,24.3,22.9,21.4,0.0,0.0,60.0,40.0,0.0,5.0,6.8,SP - Capital
242,3521150.0,Ipiguá,100.0,82.9,66.1,21.4,27.8,37.3,7.7,5.3,5.4,5.3,25.6,23.1,15.4,28.2,7.699999999999999,0.0,33.3,33.3,33.4,4.1,11.6,SP - Capital
243,3521200.0,Iporanga,50.0,55.0,46.5,9.3,14.1,13.4,4.2,5.2,6.3,4.78,25.6,43.1,7.8,17.6,5.9,33.3,60.0,6.7,0.0,4.9,8.8,SP - Capital
244,3521309.0,Ipuã,70.4,81.0,59.2,15.0,18.7,24.7,8.5,4.7,5.2,5.07,26.3,4.4,31.6,26.3,11.4,11.8,41.2,41.2,5.8,5.2,14.1,SP - Capital
245,3521408.0,Iracemápolis,50.7,82.4,61.2,18.5,24.9,31.9,9.3,5.7,5.5,5.51,29.0,13.7,32.1,22.1,3.0999999999999996,7.7,46.2,46.1,0.0,3.4,8.7,SP - Capital
246,3521507.0,Irapuã,68.5,78.5,53.8,18.4,23.2,26.7,6.6,6.5,6.1,5.19,40.1,4.4,28.9,22.2,4.4,0.0,25.0,75.0,0.0,5.6,5.9,SP - Capital
247,3521606.0,Irapuru,65.6,76.1,61.6,16.0,21.5,13.6,6.6,6.7,7.1,5.09,23.1,9.6,46.2,11.5,9.6,0.0,57.1,42.9,0.0,4.6,16.1,SP - Capital
248,3521705.0,Itaberá,64.4,80.6,58.4,13.6,21.2,23.2,6.7,8.3,7.1,5.12,7.8,36.6,33.8,19.4,2.4,5.6,38.9,55.5,0.0,1.3,3.4,SP - Capital
249,3521804.0,Itaí,48.8,79.5,59.5,16.4,23.5,31.0,6.1,6.0,6.6,5.08,29.7,7.1,42.9,16.1,4.2,0.0,35.7,35.7,28.6,2.9,6.1,SP - Capital
250,3521903.0,Itajobi,56.2,85.3,60.4,15.4,22.8,25.6,8.1,6.0,7.1,5.28,21.6,19.0,23.5,28.1,7.8,0.0,63.6,18.2,18.2,2.4,9.4,SP - Capital
251,3522000.0,Itaju,63.9,79.0,53.3,14.4,20.1,18.9,7.2,5.2,5.2,5.05,34.2,2.9,8.6,42.9,11.4,0.0,50.0,50.0,0.0,2.7,11.0,SP - Capital
252,3522109.0,Itanhaém,78.2,75.2,59.9,16.7,23.9,29.3,6.1,5.2,5.6,5.16,17.5,17.2,20.9,35.1,9.3,6.0,50.7,40.3,3.0,6.4,15.0,SP - Capital
253,3522158.0,Itaoca,53.3,57.1,47.7,17.1,20.2,15.9,7.0,7.1,7.0,4.59,17.6,29.4,3.9,47.1,2.0,50.0,33.3,16.7,0.0,1.9,4.2,SP - Capital
254,3522208.0,Itapecerica da Serra,61.7,77.0,64.0,16.9,27.2,30.1,5.8,5.9,6.3,5.24,11.0,19.8,32.6,30.3,6.3,8.1,50.0,38.7,3.2,5.2,10.2,SP - Capital
255,3522307.0,Itapetininga,62.2,78.2,63.9,16.8,26.0,29.1,7.6,6.3,6.1,5.28,16.5,23.1,34.6,20.3,5.5,9.8,41.7,42.4,6.1,3.3,8.2,SP - Capital
256,3522406.0,Itapeva,70.9,73.6,59.4,20.2,24.4,26.8,5.9,5.3,6.7,5.15,21.6,19.4,24.6,27.2,7.2,6.7,26.7,57.3,9.3,2.5,5.6,SP - Capital
257,3522505.0,Itapevi,57.0,79.9,58.2,24.0,30.6,32.4,5.6,5.8,4.8,5.17,6.5,22.0,27.2,34.0,10.3,5.3,33.0,55.3,6.4,3.7,9.6,SP - Capital
258,3522604.0,Itapira,91.4,83.0,58.6,10.4,22.2,26.2,6.0,5.6,5.6,5.41,24.8,7.4,21.5,33.4,12.9,15.8,29.8,38.6,15.8,10.2,15.1,SP - Capital
259,3522653.0,Itapirapuã Paulista,100.0,69.9,39.2,16.6,20.1,21.4,4.3,5.9,6.5,4.74,33.3,11.9,11.9,42.9,0.0,0.0,33.3,50.0,16.7,1.1,3.3,SP - Capital
260,3522703.0,Itápolis,85.1,72.60000000000001,56.800000000000004,14.1,22.6,22.4,6.7,6.0,5.9,5.34,12.2,20.5,25.6,33.7,8.0,6.7,33.3,43.3,16.7,1.8,5.2,SP - Capital
261,3522802.0,Itaporanga,76.5,67.5,62.0,14.9,18.5,24.2,7.1,5.6,6.2,5.1,28.4,14.6,21.9,29.1,6.0,14.3,28.6,42.9,14.2,2.7,4.9,SP - Capital
262,3522901.0,Itapuí,78.0,71.4,48.6,16.5,23.9,28.3,9.1,7.1,4.9,5.23,19.9,12.6,36.0,23.4,8.100000000000001,11.1,33.3,44.4,11.2,7.2,13.8,SP - Capital
263,3523008.0,Itapura,36.8,71.0,51.1,16.1,20.3,21.2,8.0,6.0,5.7,5.17,35.0,7.5,10.0,47.5,0.0,0.0,50.0,0.0,50.0,2.5,3.8,SP - Capital
264,3523107.0,Itaquaquecetuba,89.7,86.10000000000001,69.0,16.9,27.9,30.3,5.3,5.0,5.2,5.14,4.3,18.4,29.0,36.7,11.6,18.7,33.3,36.8,11.2,5.2,11.9,SP - Capital
265,3523206.0,Itararé,69.0,75.8,59.3,15.1,22.0,26.9,6.5,5.6,6.4,5.2,29.0,12.6,25.3,28.4,4.7,2.9,51.4,42.9,2.8,6.6,13.3,SP - Capital
266,3523305.0,Itariri,98.4,79.2,59.8,16.9,20.1,24.3,6.2,6.7,6.3,4.89,27.4,9.6,35.6,22.6,4.8,12.5,56.3,31.2,0.0,2.4,5.1,SP - Capital
267,3523404.0,Itatiba,78.2,78.7,64.7,10.3,21.9,32.1,7.4,5.3,5.9,5.48,25.4,17.9,20.9,29.8,6.0,3.6,19.3,60.2,16.9,6.3,9.5,SP - Capital
268,3523503.0,Itatinga,76.7,79.4,49.2,15.5,22.9,29.0,6.9,5.5,6.1,5.29,28.1,12.3,30.8,23.3,5.5,17.6,23.5,47.1,11.8,7.8,15.9,SP - Capital
269,3523602.0,Itirapina,64.4,78.0,49.6,20.4,25.9,27.3,6.9,5.7,4.8,5.45,15.0,11.8,30.7,33.1,9.4,0.0,54.5,45.5,0.0,3.2,1.9,SP - Capital
270,3523701.0,Itirapuã,84.0,78.6,37.3,16.3,25.2,22.6,6.9,4.9,5.4,5.12,13.6,13.6,27.3,40.9,4.6,0.0,50.0,50.0,0.0,5.0,9.1,SP - Capital
271,3523800.0,Itobi,58.5,75.2,60.4,12.7,23.5,31.6,5.8,6.0,4.9,5.01,14.5,21.8,18.2,29.1,16.4,0.0,60.0,40.0,0.0,3.5,14.9,SP - Capital
272,3523909.0,Itu,67.2,78.89999999999999,56.3,16.8,27.1,27.9,7.2,5.9,5.5,5.41,8.6,23.5,30.6,31.1,6.2,20.7,56.8,18.0,4.5,4.3,9.4,SP - Capital
273,3524006.0,Itupeva,47.3,77.3,62.0,16.3,24.3,30.1,6.6,5.3,4.5,5.37,25.6,10.6,23.1,31.0,9.7,0.0,54.8,38.1,7.1,3.1,11.2,SP - Capital
274,3524105.0,Ituverava,69.0,73.6,55.9,14.4,22.0,33.0,7.2,5.1,5.8,5.3,14.0,15.6,31.7,28.8,9.9,3.7,37.0,55.6,3.7,12.6,16.6,SP - Capital
275,3524204.0,Jaborandi,54.4,69.8,60.7,17.7,22.1,27.5,10.6,8.6,8.9,5.21,33.4,8.3,37.5,20.8,0.0,0.0,20.0,80.0,0.0,10.6,23.0,SP - Capital
276,3524303.0,Jaboticabal,72.7,76.5,66.8,14.0,23.1,28.6,8.5,5.9,6.1,5.33,17.2,14.4,25.1,33.9,9.4,0.0,49.1,41.8,9.1,3.6,8.9,SP - Capital
277,3524402.0,Jacareí,75.4,81.5,63.400000000000006,15.9,24.6,28.3,5.5,5.8,5.9,5.37,19.0,22.3,26.9,24.2,7.6,27.2,46.4,24.5,1.9,4.3,8.1,SP - Capital
278,3524501.0,Jaci,84.4,86.3,46.2,20.2,28.8,27.7,9.1,5.9,5.4,5.38,11.2,24.4,31.1,33.3,0.0,0.0,20.0,20.0,60.0,6.7,11.6,SP - Capital
279,3524600.0,Jacupiranga,94.7,69.8,51.3,18.0,23.0,31.8,5.9,5.3,8.2,4.98,41.6,7.6,28.0,16.9,5.9,42.9,38.1,14.3,4.7,4.7,8.8,SP - Capital
280,3524709.0,Jaguariúna,50.4,78.3,61.0,13.5,22.0,30.5,8.0,5.1,5.9,5.51,20.3,11.3,23.3,36.6,8.5,8.5,57.4,34.1,0.0,2.4,11.6,SP - Capital
281,3524808.0,Jales,54.3,79.1,60.1,21.1,27.8,28.9,7.4,6.1,6.6,5.45,9.6,26.3,25.1,31.0,8.0,0.0,40.9,40.9,18.2,3.8,6.5,SP - Capital
282,3524907.0,Jambeiro,46.0,85.6,59.3,16.2,17.4,22.0,6.4,5.2,7.6,5.18,34.5,25.5,7.3,21.8,10.9,0.0,50.0,50.0,0.0,9.3,21.9,SP - Capital
283,3525003.0,Jandira,49.1,77.6,58.7,17.4,27.3,32.2,8.0,5.9,5.9,5.19,9.6,15.9,26.7,39.4,8.4,12.5,55.6,31.9,0.0,3.1,7.7,SP - Capital
284,3525102.0,Jardinópolis,86.1,80.8,73.19999999999999,16.2,24.3,27.8,6.7,5.3,5.1,5.28,22.1,14.5,21.5,33.1,8.8,5.7,34.3,57.1,2.9,7.6,13.2,SP - Capital
285,3525201.0,Jarinu,62.4,71.2,44.7,15.5,25.8,32.3,6.4,5.8,5.0,5.31,16.7,8.3,33.0,30.2,11.8,0.0,53.8,46.2,0.0,4.0,11.4,SP - Capital
286,3525300.0,Jaú,48.4,74.4,69.7,14.2,23.5,28.6,6.8,5.7,6.4,5.45,16.4,10.2,29.1,33.2,11.1,1.9,30.2,57.5,10.4,6.8,9.1,SP - Capital
287,3525409.0,Jeriquara,50.0,80.5,32.7,13.6,19.3,20.7,7.8,4.9,4.4,5.24,18.7,6.3,40.6,21.9,12.5,0.0,20.0,40.0,40.0,5.6,27.5,SP - Capital
288,3525508.0,Joanópolis,80.0,77.5,59.300000000000004,20.0,25.2,30.9,7.5,5.2,7.0,5.19,29.6,22.5,14.1,22.5,11.3,9.1,0.0,36.4,54.5,6.0,10.0,SP - Capital
289,3525607.0,João Ramalho,65.9,84.6,57.5,17.6,23.1,31.3,7.0,5.9,7.2,5.06,42.3,6.1,36.4,15.2,0.0,0.0,66.7,33.3,0.0,1.7,5.6,SP - Capital
290,3525706.0,José Bonifácio,75.3,74.6,59.2,12.9,25.0,29.7,6.8,5.9,5.6,5.33,15.0,15.7,25.3,28.7,15.3,12.0,60.0,20.0,8.0,4.3,8.9,SP - Capital
291,3525805.0,Júlio Mesquita,73.3,74.6,43.6,18.4,21.3,16.9,6.8,5.0,5.4,5.23,31.0,2.2,15.6,35.6,15.600000000000001,0.0,25.0,50.0,25.0,1.9,1.8,SP - Capital
292,3525854.0,Jumirim,88.0,83.5,44.2,12.5,20.1,13.3,9.3,5.2,7.1,5.3,27.0,11.5,7.7,42.3,11.5,0.0,50.0,50.0,0.0,7.3,13.0,SP - Capital
293,3525904.0,Jundiaí,63.9,80.10000000000001,67.3,12.5,26.5,31.4,6.3,5.8,6.0,5.51,12.9,29.5,28.9,23.1,5.6,15.4,38.9,39.6,6.1,1.9,5.1,SP - Capital
294,3526001.0,Junqueirópolis,88.2,80.0,73.8,15.1,24.2,31.7,9.9,7.7,5.9,5.43,15.9,34.8,45.5,2.3,1.5,0.0,8.3,83.3,8.4,1.5,3.7,SP - Capital
295,3526100.0,Juquiá,49.6,75.5,54.3,16.1,20.2,21.5,5.7,5.7,6.3,4.92,27.4,6.7,20.7,38.0,7.199999999999999,15.8,52.6,26.3,5.3,1.8,3.7,SP - Capital
296,3526209.0,Juquitiba,57.9,73.7,56.0,16.7,22.3,30.4,5.7,6.0,6.5,5.01,31.0,29.5,22.0,13.4,4.1000000000000005,17.2,37.9,44.9,0.0,3.5,7.3,SP - Capital
297,3526308.0,Lagoinha,44.2,82.9,70.9,13.6,20.0,23.4,4.0,5.4,5.8,5.04,25.5,2.3,23.3,23.3,25.599999999999998,0.0,0.0,100.0,0.0,5.2,10.7,SP - Capital
298,3526407.0,Laranjal Paulista,60.5,75.2,65.5,13.3,20.6,26.7,7.4,5.0,5.3,5.36,27.2,7.4,19.3,30.2,15.9,0.0,13.6,50.0,36.4,5.3,12.0,SP - Capital
299,3526506.0,Lavínia,69.2,87.5,51.5,14.0,20.9,25.6,6.6,5.2,7.8,5.38,25.1,7.1,35.7,32.1,0.0,0.0,57.1,28.6,14.3,7.1,7.8,SP - Capital
300,3526605.0,Lavrinhas,91.7,81.0,46.4,13.1,16.0,20.2,5.5,5.2,8.9,5.05,18.0,9.7,37.5,27.8,7.0,14.3,14.3,42.9,28.5,4.3,9.3,SP - Capital
301,3526704.0,Leme,51.2,76.89999999999999,68.3,16.2,25.3,29.0,7.0,5.8,5.9,5.29,15.4,17.4,25.4,32.7,9.1,1.4,52.9,38.6,7.1,2.3,6.7,SP - Capital
302,3526803.0,Lençóis Paulista,78.2,79.69999999999999,59.5,17.4,24.0,31.6,7.4,6.3,5.9,5.53,33.7,11.2,25.1,26.1,3.9,3.8,45.3,45.3,5.6,6.3,12.8,SP - Capital
303,3526902.0,Limeira,43.1,76.0,60.2,15.1,24.7,29.9,7.6,5.9,5.6,5.46,19.4,11.4,31.1,31.6,6.5,4.9,51.9,37.7,5.5,3.2,8.1,SP - Capital
304,3527009.0,Lindóia,67.3,82.6,54.9,13.1,21.5,18.3,8.4,6.4,5.0,5.38,14.3,12.5,35.7,23.2,14.299999999999999,0.0,83.3,16.7,0.0,12.4,25.2,SP - Capital
305,3527108.0,Lins,68.1,76.2,56.9,16.7,25.8,30.9,7.5,6.2,5.6,5.36,15.6,18.6,27.0,29.4,9.4,6.3,42.9,41.3,9.5,5.1,13.5,SP - Capital
306,3527207.0,Lorena,48.5,73.8,61.099999999999994,15.5,23.4,27.4,6.0,5.5,6.2,5.26,21.9,15.3,24.2,28.7,9.9,1.5,31.8,62.1,4.6,8.2,12.5,SP - Capital
307,3527256.0,Lourdes,100.0,86.3,64.3,10.0,19.7,20.7,8.0,8.0,9.0,5.0,6.7,40.0,16.7,33.3,3.3,0.0,0.0,100.0,0.0,4.1,11.3,SP - Capital
308,3527306.0,Louveira,53.9,83.2,60.8,12.4,22.6,32.7,8.3,6.6,4.4,5.33,30.7,7.1,29.3,25.9,7.0,4.2,37.5,54.2,4.1,3.7,8.8,SP - Capital
309,3527405.0,Lucélia,62.2,86.5,62.8,16.3,21.9,24.7,8.3,6.2,6.5,5.43,38.6,7.6,32.8,16.0,5.0,0.0,35.7,57.1,7.2,2.4,7.8,SP - Capital
310,3527504.0,Lucianópolis,37.5,82.4,48.3,14.3,18.1,12.2,7.2,6.5,6.1,5.26,30.5,0.0,30.4,39.1,0.0,0.0,25.0,75.0,0.0,3.6,0.0,SP - Capital
311,3527603.0,Luís Antônio,44.5,79.3,61.7,15.0,16.9,25.1,8.3,5.2,5.3,5.27,26.9,8.9,13.8,35.0,15.399999999999999,0.0,41.7,50.0,8.3,10.0,16.8,SP - Capital
312,3527702.0,Luiziânia,69.2,83.5,49.3,16.4,21.4,27.5,7.6,7.9,4.6,4.93,39.1,31.7,14.6,14.6,0.0,0.0,0.0,100.0,0.0,10.7,15.6,SP - Capital
313,3527801.0,Lupércio,53.2,70.2,35.7,14.8,19.4,22.2,7.3,5.0,5.6,5.27,28.7,19.0,9.5,23.8,19.0,14.3,14.3,71.4,0.0,4.5,6.0,SP - Capital
314,3527900.0,Lutécia,66.7,75.4,65.4,15.3,16.5,15.0,5.1,5.4,4.8,5.24,28.5,0.0,14.3,35.7,21.5,0.0,50.0,50.0,0.0,7.6,12.6,SP - Capital
315,3528007.0,Macatuba,35.3,71.3,53.7,19.0,23.4,23.7,7.2,7.0,6.4,5.43,39.4,2.3,40.9,15.9,1.5,6.7,46.7,46.6,0.0,6.2,11.2,SP - Capital
316,3528106.0,Macaubal,65.0,88.8,58.9,16.9,21.7,32.0,5.5,5.9,7.0,5.26,41.9,11.6,34.9,11.6,0.0,75.0,0.0,25.0,0.0,2.9,6.8,SP - Capital
317,3528205.0,Macedônia,48.9,80.9,64.2,20.3,21.9,33.3,7.5,8.1,9.0,5.4,6.2,34.4,59.4,0.0,0.0,0.0,33.3,66.7,0.0,4.6,8.0,SP - Capital
318,3528304.0,Magda,88.9,71.9,60.7,13.1,20.5,26.3,7.9,8.4,9.0,5.32,25.8,6.5,64.5,3.2,0.0,0.0,33.3,66.7,0.0,1.5,2.5,SP - Capital
319,3528403.0,Mairinque,52.8,80.9,58.3,15.2,22.1,30.4,6.5,5.0,6.7,5.31,25.5,11.5,25.5,31.1,6.4,2.6,30.8,66.6,0.0,7.6,12.6,SP - Capital
320,3528502.0,Mairiporã,65.6,80.1,59.199999999999996,18.6,24.0,28.7,6.8,5.4,5.2,5.24,15.2,15.9,29.3,31.4,8.2,7.9,41.3,49.2,1.6,3.3,9.8,SP - Capital
321,3528601.0,Manduri,35.099999999999994,81.2,40.4,15.6,19.7,26.6,7.0,5.0,4.4,5.24,39.3,4.8,10.7,38.1,7.1,0.0,71.4,28.6,0.0,3.3,6.8,SP - Capital
322,3528700.0,Marabá Paulista,47.6,70.0,48.2,11.2,15.8,12.2,6.7,4.8,4.8,5.07,30.3,0.0,18.6,30.2,20.900000000000002,0.0,16.7,83.3,0.0,3.0,5.5,SP - Capital
323,3528809.0,Maracaí,40.5,79.8,67.1,15.6,18.3,19.7,8.0,6.1,6.4,5.29,34.3,3.4,30.1,23.3,8.9,15.4,30.8,53.8,0.0,0.6,4.0,SP - Capital
324,3528858.0,Marapoama,100.0,86.5,62.1,15.6,20.9,13.6,7.8,8.4,6.1,5.3,13.0,3.2,54.8,25.8,3.2,0.0,33.3,33.3,33.4,2.6,4.5,SP - Capital
325,3528908.0,Mariápolis,77.8,69.3,52.6,15.1,20.4,12.4,8.6,5.4,5.2,5.35,30.3,3.0,18.2,27.3,21.2,0.0,25.0,25.0,50.0,2.8,11.9,SP - Capital
326,3529005.0,Marília,90.7,73.1,61.2,17.2,25.5,30.7,6.5,6.1,5.8,5.42,23.5,17.8,25.3,27.4,6.0,4.4,39.0,49.3,7.3,2.3,5.2,SP - Capital
327,3529104.0,Marinópolis,56.3,87.5,57.1,11.9,18.9,17.7,10.2,9.1,9.2,5.37,7.5,11.1,33.3,48.1,0.0,0.0,50.0,50.0,0.0,2.4,9.4,SP - Capital
328,3529203.0,Martinópolis,74.7,83.7,62.9,15.4,23.0,22.5,6.9,5.2,5.4,5.28,27.0,12.6,15.9,36.3,8.2,4.3,26.1,60.9,8.7,2.1,7.7,SP - Capital
329,3529302.0,Matão,59.6,75.3,69.9,13.3,24.4,27.9,7.3,6.0,5.6,5.52,13.5,25.3,23.5,31.3,6.4,3.6,29.1,45.5,21.8,2.5,7.7,SP - Capital
330,3529401.0,Mauá,89.5,79.2,66.1,18.9,27.9,31.4,6.3,5.2,5.0,5.27,8.3,23.9,25.0,33.8,9.0,7.3,48.0,37.3,7.4,3.2,7.8,SP - Capital
331,3529500.0,Mendonça,97.5,88.8,76.4,19.0,22.4,24.5,10.5,5.9,6.0,5.4,43.2,11.4,29.5,11.4,4.5,0.0,25.0,75.0,0.0,6.2,14.5,SP - Capital
332,3529609.0,Meridiano,83.0,78.7,62.2,16.3,20.3,23.2,8.5,7.1,7.0,5.33,10.0,40.0,40.0,7.5,2.5,0.0,50.0,50.0,0.0,5.6,8.6,SP - Capital
333,3529658.0,Mesópolis,81.0,75.0,57.7,13.2,18.8,20.0,8.3,6.9,9.0,5.08,15.4,0.0,19.2,65.4,0.0,0.0,0.0,100.0,0.0,10.2,21.7,SP - Capital
334,3529708.0,Miguelópolis,41.9,69.0,55.2,15.3,23.7,30.4,7.0,4.9,7.9,5.06,17.0,9.3,28.0,32.2,13.5,31.3,18.8,37.5,12.4,9.2,9.8,SP - Capital
335,3529807.0,Mineiros do Tietê,54.5,78.80000000000001,77.2,13.6,18.7,29.3,6.7,6.2,5.2,5.19,29.2,13.6,18.2,22.7,16.3,0.0,77.8,22.2,0.0,2.0,6.1,SP - Capital
336,3529906.0,Miracatu,37.5,69.5,54.800000000000004,15.2,18.6,22.4,6.4,6.5,7.4,4.82,27.8,6.3,21.6,40.8,3.5,40.6,34.4,18.8,6.2,5.6,5.9,SP - Capital
337,3530003.0,Mira Estrela,100.0,81.3,46.4,14.1,21.2,20.0,9.1,6.4,9.0,5.3,29.6,3.7,51.9,7.4,7.4,25.0,50.0,25.0,0.0,6.7,3.3,SP - Capital
338,3530102.0,Mirandópolis,75.9,77.2,69.6,14.2,22.8,24.9,6.3,5.8,7.0,5.32,19.7,15.4,27.2,30.9,6.8,4.8,19.0,71.4,4.8,2.0,3.6,SP - Capital
339,3530201.0,Mirante do Paranapanema,67.5,73.0,58.4,15.5,18.6,13.7,8.5,6.5,5.6,5.02,14.7,14.7,22.4,31.2,17.0,12.5,62.5,25.0,0.0,2.9,6.2,SP - Capital
340,3530300.0,Mirassol,80.5,75.8,70.6,17.0,23.9,28.8,7.6,6.3,6.4,5.44,30.4,9.5,38.5,18.1,3.5,3.0,30.3,51.5,15.2,4.2,12.6,SP - Capital
341,3530409.0,Mirassolândia,70.8,75.5,57.4,18.1,21.7,22.2,10.0,6.0,6.9,5.23,47.0,11.8,35.3,5.9,0.0,0.0,16.7,83.3,0.0,6.1,9.0,SP - Capital
342,3530508.0,Mococa,92.0,82.3,63.5,15.6,24.3,26.4,5.3,5.9,6.3,5.31,19.2,17.9,25.9,28.3,8.7,0.0,25.5,51.1,23.4,5.0,11.3,SP - Capital
343,3530607.0,Mogi das Cruzes,79.0,81.2,65.4,17.0,25.7,30.0,7.5,6.2,6.1,5.3,12.1,17.6,32.5,33.3,4.5,11.5,42.2,32.6,13.7,2.4,5.6,SP - Capital
344,3530706.0,Mogi Guaçu,73.3,82.0,64.0,17.6,23.3,27.5,6.5,5.3,5.9,5.43,22.9,14.9,24.6,26.4,11.2,3.7,30.8,46.7,18.8,4.5,12.2,SP - Capital
345,3530805.0,Mogi Mirim,74.5,81.8,64.60000000000001,12.4,23.2,27.8,6.9,5.7,5.8,5.52,23.1,10.9,22.1,31.1,12.8,4.8,23.8,55.6,15.8,4.8,10.5,SP - Capital
346,3530904.0,Mombuca,50.5,76.3,34.5,16.1,18.5,17.8,5.3,5.9,4.7,5.3,28.5,8.6,2.9,51.4,8.6,0.0,80.0,20.0,0.0,6.3,18.4,SP - Capital
347,3531001.0,Monções,100.0,87.5,57.1,11.9,20.8,15.0,7.0,8.4,8.8,5.33,13.9,17.2,10.3,58.6,0.0,0.0,33.3,33.3,33.4,1.9,2.2,SP - Capital
348,3531100.0,Mongaguá,54.7,72.5,64.2,19.5,25.1,31.5,6.7,5.5,5.3,5.23,13.5,13.3,27.8,34.3,11.1,0.0,40.8,55.1,4.1,7.2,15.7,SP - Capital
349,3531209.0,Monte Alegre do Sul,88.0,71.6,76.7,10.8,19.9,28.5,6.8,5.0,5.1,5.66,26.4,22.6,13.2,30.2,7.6,28.6,42.9,28.5,0.0,21.3,15.5,SP - Capital
350,3531308.0,Monte Alto,72.2,80.2,63.4,13.4,21.8,31.2,6.7,6.0,6.0,5.32,24.1,8.8,23.1,35.9,8.100000000000001,2.9,47.1,41.2,8.8,1.8,5.1,SP - Capital
351,3531407.0,Monte Aprazível,78.5,75.10000000000001,68.9,17.3,21.7,33.9,8.6,5.7,6.2,5.29,37.9,4.5,23.7,23.7,10.2,5.9,23.5,47.1,23.5,3.3,12.4,SP - Capital
352,3531506.0,Monte Azul Paulista,65.2,78.0,61.9,15.9,19.6,27.3,7.7,6.0,7.0,5.31,15.9,6.7,31.7,37.8,7.9,13.3,6.7,53.3,26.7,3.7,13.6,SP - Capital
353,3531605.0,Monte Castelo,44.0,78.4,48.3,11.9,18.6,18.4,6.1,6.5,6.5,5.35,33.3,7.7,41.0,7.7,10.3,0.0,50.0,25.0,25.0,2.2,6.3,SP - Capital
354,3531704.0,Monteiro Lobato,54.8,90.1,53.1,18.9,18.3,21.1,5.2,5.5,5.0,5.22,26.5,8.2,20.4,38.8,6.1,28.6,42.9,28.5,0.0,10.9,17.2,SP - Capital
355,3531803.0,Monte Mor,49.0,78.60000000000001,48.8,18.6,25.9,30.7,6.1,5.5,5.2,5.35,12.3,18.5,21.7,37.4,10.1,2.3,59.1,34.1,4.5,11.2,16.9,SP - Capital
356,3531902.0,Morro Agudo,59.4,70.8,62.0,15.1,23.3,29.7,6.2,5.6,6.1,5.29,15.4,10.5,27.3,35.0,11.8,16.7,50.0,33.3,0.0,13.0,9.4,SP - Capital
357,3532009.0,Morungaba,47.1,73.9,46.3,15.5,18.9,34.0,4.9,5.3,6.1,5.28,33.0,19.4,27.2,15.5,4.9,0.0,71.4,21.4,7.2,5.2,9.6,SP - Capital
358,3532058.0,Motuca,33.3,81.0,63.6,15.9,20.0,18.4,6.4,5.6,4.8,5.34,37.1,8.6,11.4,28.6,14.3,0.0,50.0,50.0,0.0,13.2,25.8,SP - Capital
359,3532108.0,Murutinga do Sul,66.7,85.5,75.0,16.7,21.3,33.0,8.7,8.4,9.1,5.43,25.1,18.2,22.7,29.5,4.5,0.0,0.0,50.0,50.0,2.9,6.1,SP - Capital
360,3532157.0,Nantes,56.8,82.4,67.9,16.4,21.4,25.7,5.6,6.6,8.7,5.32,32.2,6.5,48.4,12.9,0.0,0.0,33.3,33.3,33.4,1.5,3.9,SP - Capital
361,3532207.0,Narandiba,66.7,84.7,72.5,17.2,21.9,17.0,7.5,4.8,8.4,5.26,15.6,9.8,31.4,35.3,7.9,16.7,50.0,33.3,0.0,6.6,11.6,SP - Capital
362,3532306.0,Natividade da Serra,32.5,66.5,59.6,15.2,17.3,19.4,4.5,5.3,6.3,4.87,34.9,16.7,20.0,21.7,6.7,28.6,14.3,57.1,0.0,4.1,5.2,SP - Capital
363,3532405.0,Nazaré Paulista,53.1,86.2,57.2,15.8,26.0,29.0,7.2,6.3,6.5,5.1,19.8,16.8,35.1,26.0,2.3,22.2,61.1,16.7,0.0,5.2,8.3,SP - Capital
364,3532504.0,Neves Paulista,86.0,85.0,45.1,14.8,19.4,29.6,8.4,5.9,5.6,5.42,28.8,3.0,37.9,22.7,7.6,20.0,60.0,20.0,0.0,7.2,17.2,SP - Capital
365,3532603.0,Nhandeara,97.3,70.5,68.8,10.8,21.3,32.5,6.9,6.0,6.4,5.27,36.9,13.1,33.3,13.1,3.5999999999999996,25.0,16.7,50.0,8.3,2.8,3.7,SP - Capital
366,3532702.0,Nipoã,95.8,79.7,56.8,21.7,25.3,26.0,6.8,5.6,6.9,5.12,30.4,3.0,51.5,12.1,3.0,0.0,75.0,25.0,0.0,6.3,7.7,SP - Capital
367,3532801.0,Nova Aliança,75.6,77.5,64.2,19.4,22.7,23.2,10.4,7.4,6.2,5.4,26.8,21.4,35.7,12.5,3.6,0.0,100.0,0.0,0.0,7.4,8.8,SP - Capital
368,3532827.0,Nova Campina,67.3,59.7,61.8,18.5,22.5,23.2,5.3,5.1,7.2,4.9,33.8,14.7,14.7,16.2,20.6,0.0,40.0,60.0,0.0,3.7,12.1,SP - Capital
369,3532843.0,Nova Canaã Paulista,20.8,79.2,63.4,12.0,20.4,9.0,10.0,7.0,5.8,5.52,25.0,8.3,12.5,50.0,4.2,0.0,33.3,66.7,0.0,4.3,5.3,SP - Capital
370,3532868.0,Nova Castilho,80.0,83.3,35.7,10.0,15.3,11.7,8.7,8.6,8.9,5.23,11.6,11.5,26.9,50.0,0.0,0.0,33.3,66.7,0.0,0.0,2.9,SP - Capital
371,3532900.0,Nova Europa,61.9,80.0,48.8,13.4,18.1,20.5,9.1,4.9,5.1,5.28,24.1,10.8,19.3,43.4,2.4,0.0,12.5,62.5,25.0,2.9,3.5,SP - Capital
372,3533007.0,Nova Granada,50.9,81.8,66.4,16.9,24.3,27.8,6.6,5.4,5.1,5.2,26.8,7.5,25.3,28.8,11.6,0.0,30.0,60.0,10.0,3.5,10.1,SP - Capital
373,3533106.0,Nova Guataporanga,80.0,88.4,48.8,17.6,18.2,12.4,7.5,6.6,7.1,5.38,22.2,7.4,7.4,51.9,11.1,0.0,66.7,0.0,33.3,3.0,4.8,SP - Capital
374,3533205.0,Nova Independência,33.3,73.8,57.4,15.1,20.8,27.0,8.1,7.4,5.4,5.37,10.6,29.8,23.4,23.4,12.8,0.0,0.0,100.0,0.0,6.6,6.8,SP - Capital
375,3533254.0,Novais,62.7,76.2,71.7,21.7,26.1,23.7,7.6,5.4,5.5,4.99,18.1,12.1,21.2,36.4,12.2,33.3,33.3,33.4,0.0,5.1,4.9,SP - Capital
376,3533304.0,Nova Luzitânia,88.9,76.3,60.7,14.1,18.9,30.7,6.8,8.4,8.9,5.12,18.2,6.1,21.2,54.5,0.0,0.0,33.3,66.7,0.0,3.0,8.7,SP - Capital
377,3533403.0,Nova Odessa,63.3,82.0,61.1,12.0,25.3,27.4,5.5,6.2,5.9,5.53,9.3,21.0,30.0,31.5,8.200000000000001,0.0,51.4,45.9,2.7,4.0,5.2,SP - Capital
378,3533502.0,Novo Horizonte,64.0,78.60000000000001,65.39999999999999,15.6,21.8,28.6,6.5,5.4,6.4,5.39,22.2,5.8,21.0,42.8,8.2,25.0,43.8,25.0,6.2,1.3,5.1,SP - Capital
379,3533601.0,Nuporanga,52.4,78.2,44.1,14.1,20.9,29.0,7.8,5.9,8.0,5.35,21.5,18.5,30.8,13.8,15.4,0.0,22.2,22.2,55.6,11.9,10.8,SP - Capital
380,3533700.0,Ocauçu,55.2,78.9,52.9,20.5,23.0,21.3,7.9,5.2,4.9,5.12,34.2,10.5,21.1,26.3,7.9,0.0,33.3,66.7,0.0,3.4,7.7,SP - Capital
381,3533809.0,Óleo,60.6,73.9,64.3,12.7,18.1,22.0,8.3,6.6,8.5,5.29,33.4,0.0,24.2,33.3,9.1,0.0,75.0,25.0,0.0,3.9,7.6,SP - Capital
382,3533908.0,Olímpia,72.1,86.0,66.80000000000001,16.7,25.2,30.6,7.0,6.6,6.7,5.42,29.6,18.6,36.7,11.8,3.3,6.4,42.6,36.2,14.8,3.4,7.0,SP - Capital
383,3534005.0,Onda Verde,69.6,73.2,41.1,15.4,21.1,29.3,8.2,5.4,5.6,5.32,33.3,2.4,35.7,23.8,4.8,40.0,0.0,0.0,60.0,5.1,8.5,SP - Capital
384,3534104.0,Oriente,82.1,69.2,50.0,18.1,23.8,20.8,7.2,7.8,5.9,5.35,17.2,20.0,37.1,17.1,8.6,0.0,100.0,0.0,0.0,2.0,1.4,SP - Capital
385,3534203.0,Orindiúva,100.0,89.8,54.2,20.3,24.7,30.0,7.9,5.4,6.8,5.26,34.3,17.1,25.7,14.3,8.6,0.0,0.0,80.0,20.0,2.4,4.7,SP - Capital
386,3534302.0,Orlândia,63.7,77.5,64.7,15.0,20.9,32.0,7.9,5.5,5.7,5.41,18.0,14.0,30.7,24.6,12.7,0.0,44.1,44.1,11.8,3.5,8.6,SP - Capital
387,3534401.0,Osasco,86.7,77.2,67.60000000000001,17.7,26.7,28.9,6.7,5.5,5.3,5.21,10.5,19.4,33.6,30.6,5.9,3.3,26.5,56.3,13.9,3.5,9.3,SP - Capital
388,3534500.0,Oscar Bressane,71.4,65.6,50.0,12.8,16.4,18.0,6.6,5.3,9.0,5.49,34.9,17.4,21.7,13.0,13.0,0.0,33.3,66.7,0.0,3.8,8.3,SP - Capital
389,3534609.0,Osvaldo Cruz,50.0,76.7,67.1,15.7,26.5,29.4,8.4,7.6,6.2,5.42,14.2,20.0,42.9,18.3,4.6,17.9,21.4,50.0,10.7,1.8,3.4,SP - Capital
390,3534708.0,Ourinhos,55.3,74.10000000000001,68.0,15.6,21.9,27.0,6.3,5.8,5.8,5.37,31.4,8.5,22.7,29.1,8.3,10.4,46.8,39.0,3.8,4.3,8.0,SP - Capital
391,3534757.0,Ouroeste,50.0,80.6,84.1,14.3,22.8,25.0,7.0,7.6,6.7,5.36,2.3,47.1,40.0,10.6,0.0,0.0,71.4,28.6,0.0,3.3,6.7,SP - Capital
392,3534807.0,Ouro Verde,70.0,68.8,66.7,9.9,22.9,21.9,5.9,5.1,5.3,5.06,23.9,6.3,34.9,23.8,11.1,0.0,16.7,50.0,33.3,1.2,5.9,SP - Capital
393,3534906.0,Pacaembu,84.7,77.8,53.6,13.3,20.2,20.3,7.4,5.5,5.6,5.35,18.3,5.6,42.3,29.6,4.199999999999999,0.0,44.4,44.4,11.2,1.9,8.4,SP - Capital
394,3535002.0,Palestina,55.7,78.5,55.2,16.3,19.4,32.5,9.1,5.6,8.8,5.24,40.4,4.8,21.0,27.4,6.4,20.0,20.0,50.0,10.0,5.8,9.8,SP - Capital
395,3535101.0,Palmares Paulista,61.0,71.3,67.0,19.0,27.5,26.8,8.2,6.2,5.2,5.15,20.7,16.2,27.9,17.6,17.6,0.0,14.3,85.7,0.0,3.5,12.8,SP - Capital
396,3535200.0,Palmeira d'Oeste,58.3,80.6,48.9,20.1,21.5,24.2,7.0,6.3,7.3,5.28,31.3,3.0,28.4,32.8,4.5,0.0,16.7,50.0,33.3,2.7,3.2,SP - Capital
397,3535309.0,Palmital,70.5,80.4,66.1,20.2,23.1,23.7,8.1,6.0,6.6,5.33,20.7,6.1,32.7,22.4,18.1,12.5,62.5,25.0,0.0,3.1,3.3,SP - Capital
398,3535408.0,Panorama,64.2,84.0,60.7,13.3,23.5,28.5,6.4,5.6,7.0,5.19,35.9,10.9,31.3,18.0,3.9,0.0,61.5,30.8,7.7,6.3,7.6,SP - Capital
399,3535507.0,Paraguaçu Paulista,76.1,75.0,56.6,16.7,19.6,31.1,5.5,5.6,5.8,5.27,31.0,6.6,22.6,28.4,11.4,2.8,33.3,61.1,2.8,0.9,5.5,SP - Capital
400,3535606.0,Paraibuna,93.8,77.8,56.6,14.5,19.8,25.2,6.9,5.3,5.2,5.11,39.1,3.4,17.6,27.7,12.200000000000001,5.3,31.6,47.4,15.7,7.4,13.6,SP - Capital
401,3535705.0,Paraíso,97.6,86.3,75.0,18.3,21.5,23.2,7.3,6.5,8.3,5.41,40.6,0.0,31.3,21.9,6.2,0.0,25.0,25.0,50.0,2.4,2.2,SP - Capital
402,3535804.0,Paranapanema,55.6,78.5,60.1,12.4,18.0,23.2,7.2,5.0,5.5,5.19,28.9,12.3,20.3,26.7,11.8,20.0,45.0,35.0,0.0,3.1,9.0,SP - Capital
403,3535903.0,Paranapuã,51.3,82.8,64.3,22.1,22.4,31.3,7.7,5.8,7.0,5.22,13.9,33.3,8.3,38.9,5.6,0.0,100.0,0.0,0.0,4.3,5.3,SP - Capital
404,3536000.0,Parapuã,40.4,83.8,53.8,14.2,23.4,27.7,7.0,6.6,5.6,5.12,32.2,19.4,33.9,12.9,1.6,0.0,50.0,37.5,12.5,6.3,5.6,SP - Capital
405,3536109.0,Pardinho,48.1,84.4,45.3,15.2,25.0,18.3,6.8,4.6,4.9,5.41,23.9,17.4,19.6,34.8,4.3,0.0,16.7,83.3,0.0,7.8,17.1,SP - Capital
406,3536208.0,Pariquera-Açu,82.9,74.3,49.3,15.7,23.0,25.1,5.0,5.0,6.1,5.02,32.4,14.6,14.0,28.7,10.299999999999999,0.0,44.4,38.9,16.7,5.3,9.7,SP - Capital
407,3536257.0,Parisi,52.5,53.8,50.0,16.9,21.9,24.7,11.5,9.1,9.1,5.26,15.0,25.0,30.0,25.0,5.0,0.0,0.0,100.0,0.0,2.9,4.1,SP - Capital
408,3536307.0,Patrocínio Paulista,38.1,74.2,65.8,15.6,24.2,26.6,6.6,4.8,5.2,5.28,31.7,0.0,29.7,31.7,6.9,12.5,37.5,50.0,0.0,4.4,14.3,SP - Capital
409,3536406.0,Paulicéia,79.7,82.0,50.6,14.1,23.3,21.3,6.6,5.1,5.3,5.19,41.1,2.7,9.6,28.8,17.8,0.0,40.0,60.0,0.0,2.7,8.2,SP - Capital
410,3536505.0,Paulínia,77.0,81.39999999999999,64.4,10.1,26.0,31.5,8.1,5.0,6.4,5.59,27.5,15.7,28.0,23.4,5.4,4.7,25.6,46.5,23.2,5.7,14.7,SP - Capital
411,3536570.0,Paulistânia,80.0,79.8,60.7,13.1,17.6,16.0,7.5,5.6,6.8,5.18,30.0,25.0,5.0,35.0,5.0,0.0,25.0,25.0,50.0,1.3,10.4,SP - Capital
412,3536604.0,Paulo de Faria,76.2,76.3,82.0,13.4,24.5,28.7,10.0,5.3,8.9,5.19,24.4,16.2,27.0,27.0,5.4,0.0,71.4,28.6,0.0,4.8,12.4,SP - Capital
413,3536703.0,Pederneiras,75.3,74.6,62.8,14.1,22.8,26.0,8.5,6.4,5.1,5.34,20.5,8.6,23.9,39.3,7.7,5.4,48.6,35.1,10.9,8.3,10.2,SP - Capital
414,3536802.0,Pedra Bela,73.2,65.2,64.3,13.6,19.8,29.0,6.5,5.1,8.8,5.14,37.8,11.1,26.7,20.0,4.4,0.0,50.0,50.0,0.0,8.5,12.6,SP - Capital
415,3536901.0,Pedranópolis,100.0,77.1,53.6,20.4,20.9,24.0,11.5,6.7,9.0,5.3,32.0,0.0,68.0,0.0,0.0,0.0,33.3,66.7,0.0,0.8,5.6,SP - Capital
416,3537008.0,Pedregulho,75.9,75.1,48.4,15.2,21.1,23.8,7.6,5.7,6.3,5.29,14.0,5.9,34.1,35.6,10.4,5.3,47.4,47.3,0.0,11.7,22.7,SP - Capital
417,3537107.0,Pedreira,72.1,82.60000000000001,60.5,16.8,24.3,27.7,8.9,6.6,5.2,5.43,26.3,11.4,18.9,32.3,11.100000000000001,25.7,34.3,40.0,0.0,1.6,7.6,SP - Capital
418,3537156.0,Pedrinhas Paulista,31.8,72.7,67.9,13.2,20.2,26.3,9.0,8.4,8.6,5.67,31.1,0.0,65.5,3.4,0.0,0.0,20.0,60.0,20.0,1.4,1.3,SP - Capital
419,3537206.0,Pedro de Toledo,100.0,71.2,75.2,15.2,21.7,24.8,8.2,6.3,5.9,5.03,21.4,4.8,35.7,31.0,7.1,50.0,28.6,21.4,0.0,3.3,7.8,SP - Capital
420,3537305.0,Penápolis,53.7,78.4,57.5,17.0,25.8,27.2,8.5,6.4,5.9,5.31,16.2,24.0,26.1,29.6,4.1,3.5,42.1,45.6,8.8,3.7,9.2,SP - Capital
421,3537404.0,Pereira Barreto,78.9,78.89999999999999,67.7,15.9,21.4,30.1,8.7,6.6,7.1,5.31,25.7,12.3,31.3,25.1,5.6000000000000005,9.1,36.4,54.5,0.0,1.6,5.0,SP - Capital
422,3537503.0,Pereiras,29.7,81.60000000000001,72.8,14.0,23.3,31.0,7.4,5.6,4.1,5.23,26.3,0.0,19.3,31.6,22.8,12.5,12.5,75.0,0.0,11.9,15.0,SP - Capital
423,3537602.0,Peruíbe,83.6,78.4,60.7,13.3,24.0,27.6,5.9,5.5,5.6,5.12,20.2,14.9,24.5,29.8,10.600000000000001,3.0,43.3,47.8,5.9,7.0,11.7,SP - Capital
424,3537701.0,Piacatu,65.0,84.3,51.3,17.3,27.4,22.9,8.2,7.8,6.9,5.31,14.3,19.0,38.1,28.6,0.0,0.0,25.0,50.0,25.0,4.0,9.0,SP - Capital
425,3537800.0,Piedade,83.2,83.69999999999999,59.0,17.0,23.0,28.3,6.5,6.1,6.7,5.16,35.3,14.3,23.3,23.3,3.8000000000000003,16.7,56.3,27.0,0.0,1.7,4.5,SP - Capital
426,3537909.0,Pilar do Sul,84.4,83.9,62.0,19.0,24.2,30.2,6.3,6.6,6.5,5.24,29.8,19.7,35.8,11.9,2.8,9.5,42.9,47.6,0.0,3.1,5.2,SP - Capital
427,3538006.0,Pindamonhangaba,61.5,74.7,64.9,13.5,22.0,29.2,5.1,5.8,6.1,5.32,34.5,11.4,26.1,22.7,5.3,3.1,44.2,46.5,6.2,2.3,6.2,SP - Capital
428,3538105.0,Pindorama,72.3,82.9,65.3,15.2,21.7,30.6,9.1,5.2,8.2,5.42,24.9,6.0,38.1,22.6,8.4,0.0,9.1,63.6,27.3,7.4,23.9,SP - Capital
429,3538204.0,Pinhalzinho,71.3,75.9,62.6,12.4,21.6,30.6,6.4,5.0,7.0,5.31,26.6,22.5,17.6,23.5,9.8,18.8,37.5,37.5,6.2,4.8,8.8,SP - Capital
430,3538303.0,Piquerobi,71.4,80.4,50.0,15.6,20.1,24.0,7.5,5.1,4.9,5.32,19.9,0.0,26.7,36.7,16.7,0.0,33.3,0.0,66.7,5.8,9.7,SP - Capital
431,3538501.0,Piquete,95.8,78.8,57.1,17.5,22.1,26.0,4.9,5.9,8.1,5.07,30.2,21.1,40.8,6.6,1.3,10.0,10.0,30.0,50.0,6.1,12.2,SP - Capital
432,3538600.0,Piracaia,96.4,75.5,53.4,14.9,21.4,30.1,6.1,6.2,6.0,5.3,27.5,9.8,26.0,32.8,3.9,0.0,26.1,56.5,17.4,10.7,12.5,SP - Capital
433,3538709.0,Piracicaba,81.7,79.9,67.1,13.8,28.1,32.8,6.5,6.5,6.1,5.38,13.4,32.6,32.0,18.5,3.5,5.1,37.4,52.0,5.5,3.7,6.7,SP - Capital
434,3538808.0,Piraju,73.7,82.1,60.6,14.0,22.9,25.5,7.7,5.9,6.4,5.36,22.6,2.2,35.9,33.3,6.0,2.9,41.2,50.0,5.9,2.3,7.8,SP - Capital
435,3538907.0,Pirajuí,80.2,78.6,61.8,16.5,24.2,31.3,6.1,5.6,6.0,5.37,16.8,8.0,27.7,43.8,3.7,11.8,29.4,47.1,11.7,1.4,2.0,SP - Capital
436,3539004.0,Pirangi,36.6,80.69999999999999,80.10000000000001,14.6,24.0,28.6,6.6,5.3,5.0,5.38,27.2,3.9,16.9,37.7,14.3,20.0,0.0,40.0,40.0,1.8,1.4,SP - Capital
437,3539103.0,Pirapora do Bom Jesus,94.8,76.5,58.5,17.7,27.9,29.3,7.8,4.9,4.8,5.1,11.2,21.4,18.4,44.9,4.1,11.1,72.2,16.7,0.0,4.0,12.8,SP - Capital
438,3539202.0,Pirapozinho,64.8,79.7,65.5,17.7,23.1,24.3,6.9,5.3,5.6,5.41,23.1,4.7,23.6,37.3,11.3,4.2,20.8,54.2,20.8,3.8,11.0,SP - Capital
439,3539301.0,Pirassununga,56.4,72.5,67.1,15.3,21.6,27.6,7.9,6.3,5.9,5.42,25.9,14.3,27.9,26.2,5.699999999999999,9.8,26.2,49.2,14.8,3.4,10.1,SP - Capital
440,3539400.0,Piratininga,72.3,82.0,70.6,17.6,21.6,25.5,7.7,5.7,5.7,5.43,21.9,15.6,32.3,17.7,12.5,0.0,37.5,62.5,0.0,3.1,6.0,SP - Capital
441,3539509.0,Pitangueiras,91.5,68.4,59.0,17.9,22.1,27.9,6.7,5.5,5.9,5.13,31.8,4.8,27.7,24.5,11.2,0.0,39.1,39.1,21.8,6.3,12.6,SP - Capital
442,3539608.0,Planalto,72.0,80.6,60.9,13.8,22.9,25.8,6.8,6.6,8.0,5.11,9.3,2.3,53.5,27.9,7.0,0.0,33.3,33.3,33.4,6.3,11.6,SP - Capital
443,3539707.0,Platina,58.8,61.9,50.0,15.8,23.0,25.0,10.0,6.8,8.7,5.28,25.8,3.2,58.1,12.9,0.0,0.0,25.0,75.0,0.0,5.6,4.0,SP - Capital
444,3539806.0,Poá,86.2,80.30000000000001,69.7,15.9,25.6,29.7,6.3,5.7,6.2,5.38,11.2,12.6,28.0,37.9,10.3,18.8,40.0,36.3,4.9,3.7,7.1,SP - Capital
445,3539905.0,Poloni,62.5,73.8,60.7,15.4,24.7,26.2,8.7,7.8,7.0,5.22,24.6,16.3,46.9,10.2,2.0,0.0,40.0,60.0,0.0,7.5,8.9,SP - Capital
446,3540002.0,Pompéia,67.3,81.5,69.0,13.0,21.1,24.0,7.2,6.2,6.0,5.46,27.7,14.6,23.2,28.6,5.9,0.0,26.7,66.7,6.6,1.8,7.7,SP - Capital
447,3540101.0,Pongaí,28.3,82.4,43.6,10.8,16.7,17.2,5.0,6.6,6.6,5.27,18.2,3.0,21.2,48.5,9.1,0.0,0.0,100.0,0.0,6.3,11.7,SP - Capital
448,3540200.0,Pontal,53.5,73.89999999999999,59.3,15.5,24.1,27.4,5.6,5.2,5.9,5.06,15.6,14.2,30.2,31.3,8.7,7.7,69.2,15.4,7.7,4.5,9.1,SP - Capital
449,3540259.0,Pontalinda,53.8,75.1,49.2,15.9,19.1,19.0,7.9,7.0,8.1,4.97,27.7,10.6,31.9,29.8,0.0,0.0,66.7,33.3,0.0,8.4,16.2,SP - Capital
450,3540309.0,Pontes Gestal,38.7,81.3,64.3,15.6,18.7,15.0,10.5,9.1,9.0,5.35,22.3,8.3,19.4,47.2,2.8,0.0,66.7,33.3,0.0,2.3,6.7,SP - Capital
451,3540408.0,Populina,79.2,90.7,63.6,17.2,20.3,22.0,6.1,8.3,8.9,5.37,21.4,35.7,26.2,14.3,2.4,0.0,33.3,66.7,0.0,6.2,4.5,SP - Capital
452,3540507.0,Porangaba,66.7,76.4,54.7,17.9,21.1,28.8,8.0,5.5,4.3,5.23,36.7,3.3,18.3,33.3,8.4,0.0,0.0,25.0,75.0,5.4,17.8,SP - Capital
453,3540606.0,Porto Feliz,89.3,80.10000000000001,58.699999999999996,17.3,23.2,28.2,7.2,5.0,5.8,5.39,10.8,19.5,30.5,34.7,4.5,2.4,33.3,52.4,11.9,2.9,7.4,SP - Capital
454,3540705.0,Porto Ferreira,76.5,79.80000000000001,64.4,13.0,23.8,29.8,7.3,5.8,5.8,5.37,19.8,20.1,28.1,25.0,7.0,2.8,33.3,52.8,11.1,11.2,18.0,SP - Capital
455,3540754.0,Potim,48.8,84.7,69.89999999999999,17.7,26.1,27.5,6.6,5.1,6.9,4.98,14.1,28.0,22.4,29.0,6.5,7.7,46.2,46.1,0.0,6.9,13.2,SP - Capital
456,3540804.0,Potirendaba,52.3,78.8,58.8,17.4,23.5,31.0,8.6,5.8,6.6,5.45,29.3,17.9,23.6,25.5,3.6999999999999997,0.0,25.0,62.5,12.5,4.3,17.8,SP - Capital
457,3540853.0,Pracinha,69.2,60.3,48.0,16.0,16.4,9.8,10.0,5.3,4.3,4.97,22.8,0.0,9.1,54.5,13.6,25.0,0.0,25.0,50.0,2.0,5.0,SP - Capital
458,3540903.0,Pradópolis,61.7,78.1,60.0,15.8,20.0,31.7,7.6,5.9,4.6,5.38,21.0,5.4,27.7,33.1,12.8,9.1,54.5,27.3,9.1,5.5,12.4,SP - Capital
459,3541000.0,Praia Grande,56.4,77.5,62.699999999999996,18.3,23.2,31.6,8.5,4.5,5.9,5.24,16.8,16.7,31.1,27.9,7.5,8.5,38.3,48.9,4.3,9.4,15.1,SP - Capital
460,3541059.0,Pratânia,50.0,82.5,70.2,16.8,21.0,21.6,9.0,5.9,5.6,5.07,48.0,5.8,30.8,15.4,0.0,0.0,50.0,25.0,25.0,2.5,8.0,SP - Capital
461,3541109.0,Presidente Alves,48.0,81.3,32.5,9.7,18.7,24.5,5.3,6.7,7.0,5.24,20.4,30.8,15.4,30.8,2.6,0.0,25.0,50.0,25.0,2.9,3.1,SP - Capital
462,3541208.0,Presidente Bernardes,52.7,69.4,56.0,15.9,17.5,17.7,7.3,5.0,5.8,5.34,23.5,12.3,17.0,32.1,15.100000000000001,6.7,40.0,53.3,0.0,4.6,11.3,SP - Capital
463,3541307.0,Presidente Epitácio,79.6,80.8,67.5,17.7,22.7,27.7,6.9,7.2,7.1,5.23,18.7,20.4,33.7,24.1,3.1,9.1,30.3,45.5,15.1,4.4,10.0,SP - Capital
464,3541406.0,Presidente Prudente,77.0,84.0,66.80000000000001,14.0,24.4,29.4,6.5,5.9,5.8,5.44,19.3,18.2,29.0,27.8,5.699999999999999,7.5,40.6,40.6,11.3,6.3,8.5,SP - Capital
465,3541505.0,Presidente Venceslau,62.1,71.3,57.2,14.4,21.9,25.5,7.4,5.9,5.8,5.39,15.6,15.7,34.7,24.3,9.7,10.7,50.0,28.6,10.7,2.9,6.8,SP - Capital
466,3541604.0,Promissão,71.0,81.89999999999999,53.699999999999996,15.2,23.3,26.1,5.5,6.2,5.3,5.32,21.7,15.8,26.3,27.0,9.2,6.9,41.4,31.0,20.7,3.3,11.1,SP - Capital
467,3541653.0,Quadra,82.4,75.0,50.0,11.5,21.6,21.6,5.5,4.7,4.3,5.34,45.4,9.1,15.2,21.2,9.1,25.0,25.0,50.0,0.0,6.8,12.9,SP - Capital
468,3541703.0,Quatá,61.5,71.6,66.5,14.6,20.8,28.6,7.1,5.6,6.0,5.27,37.3,7.6,31.4,12.7,11.0,10.0,30.0,50.0,10.0,0.9,3.1,SP - Capital
469,3541802.0,Queiroz,29.5,80.7,60.0,11.8,18.7,23.2,5.5,5.5,6.1,5.23,30.0,20.0,36.7,10.0,3.3,0.0,50.0,50.0,0.0,5.1,7.3,SP - Capital
470,3541901.0,Queluz,72.3,67.89999999999999,70.8,13.7,17.5,27.8,5.3,4.9,5.7,5.12,39.7,3.8,23.1,29.5,3.9000000000000004,0.0,28.6,71.4,0.0,10.5,16.5,SP - Capital
471,3542008.0,Quintana,64.6,70.0,57.6,26.1,23.9,23.2,8.9,7.1,4.8,5.29,5.6,29.6,22.2,24.1,18.5,0.0,100.0,0.0,0.0,1.5,3.2,SP - Capital
472,3542107.0,Rafard,45.9,69.10000000000001,33.0,15.8,24.2,34.8,8.2,5.7,5.0,5.44,7.8,3.8,34.6,42.3,11.5,0.0,50.0,50.0,0.0,8.0,11.6,SP - Capital
473,3542206.0,Rancharia,69.0,78.9,63.7,16.0,22.2,27.7,7.2,6.3,6.9,5.35,31.8,14.5,34.8,15.0,3.9,28.1,46.9,18.8,6.2,6.0,6.1,SP - Capital
474,3542305.0,Redenção da Serra,57.7,82.1,61.0,19.0,23.2,21.3,5.1,6.0,7.0,5.0,36.4,12.1,30.3,21.2,0.0,0.0,50.0,50.0,0.0,3.7,6.3,SP - Capital
475,3542404.0,Regente Feijó,77.8,79.2,58.2,17.9,24.0,28.4,7.2,5.7,5.6,5.34,21.1,12.4,24.1,31.2,11.2,0.0,42.9,38.1,19.0,4.0,12.4,SP - Capital
476,3542503.0,Reginópolis,90.0,78.0,51.8,13.6,21.4,26.2,10.2,6.6,9.0,5.46,30.0,4.0,36.0,30.0,0.0,0.0,42.9,57.1,0.0,4.8,1.3,SP - Capital
477,3542602.0,Registro,73.2,74.6,62.1,14.6,24.2,30.3,6.7,5.6,6.5,5.12,25.9,25.1,15.8,26.5,6.7,7.6,43.9,34.8,13.7,2.8,8.0,SP - Capital
478,3542701.0,Restinga,48.8,82.7,58.8,16.3,22.2,30.8,7.0,5.2,4.7,5.18,31.7,10.0,23.3,28.3,6.7,0.0,25.0,75.0,0.0,8.5,14.5,SP - Capital
479,3542800.0,Ribeira,80.0,69.4,67.6,16.7,17.5,22.9,5.8,5.8,7.1,4.97,30.1,18.6,4.7,41.9,4.7,0.0,83.3,16.7,0.0,1.8,2.2,SP - Capital
480,3542909.0,Ribeirão Bonito,42.7,77.39999999999999,75.60000000000001,15.6,19.2,29.2,6.7,4.6,5.6,5.23,31.1,8.7,16.5,38.8,4.9,0.0,15.4,69.2,15.4,3.5,6.6,SP - Capital
481,3543006.0,Ribeirão Branco,58.7,72.8,36.0,16.6,22.3,24.5,4.6,5.7,6.7,4.73,37.5,17.4,20.6,21.3,3.2,5.3,52.6,42.1,0.0,4.7,9.1,SP - Capital
482,3543105.0,Ribeirão Corrente,55.1,83.1,44.0,17.9,21.9,21.3,8.3,5.6,6.3,5.03,12.3,22.4,18.4,26.5,20.4,0.0,60.0,40.0,0.0,9.5,13.7,SP - Capital
483,3543204.0,Ribeirão do Sul,100.0,77.0,70.4,13.1,20.2,12.9,7.7,5.4,5.4,5.4,31.1,2.2,20.0,22.2,24.5,0.0,0.0,66.7,33.3,3.4,13.1,SP - Capital
484,3543238.0,Ribeirão dos Índios,55.6,79.4,59.4,12.0,18.6,12.2,7.8,5.2,4.3,5.28,16.5,5.6,5.6,27.8,44.5,0.0,25.0,75.0,0.0,1.8,1.5,SP - Capital
485,3543253.0,Ribeirão Grande,79.2,72.1,53.5,16.3,20.4,21.8,5.0,5.8,5.5,4.93,36.1,11.1,29.2,15.3,8.3,28.6,50.0,21.4,0.0,6.6,14.5,SP - Capital
486,3543303.0,Ribeirão Pires,75.4,74.6,66.9,17.5,24.9,27.6,7.2,5.6,5.6,5.48,16.1,19.6,25.7,30.9,7.7,8.3,41.7,35.7,14.3,3.0,7.0,SP - Capital
487,3543402.0,Ribeirão Preto,72.6,79.3,66.8,11.8,25.0,31.7,7.0,5.5,5.9,5.35,11.9,17.6,31.2,33.5,5.800000000000001,4.3,43.4,41.6,10.7,8.3,15.0,SP - Capital
488,3543501.0,Riversul,66.1,73.2,47.8,15.6,19.6,16.8,5.8,7.2,5.2,4.97,28.0,25.0,33.8,13.2,0.0,0.0,85.7,0.0,14.3,2.7,8.1,SP - Capital
489,3543600.0,Rifaina,50.0,77.8,50.9,18.3,18.9,20.8,7.6,5.1,4.6,5.55,44.3,5.6,30.6,16.7,2.8,33.3,0.0,33.3,33.4,9.9,19.7,SP - Capital
490,3543709.0,Rincão,70.4,71.7,39.7,13.8,20.0,23.5,7.8,5.7,5.5,5.27,32.4,5.0,17.5,41.3,3.8,0.0,10.0,70.0,20.0,4.3,6.6,SP - Capital
491,3543808.0,Rinópolis,61.5,69.9,65.2,14.8,23.1,24.8,8.6,5.8,7.1,5.25,17.9,17.8,32.9,20.5,10.899999999999999,28.6,57.1,14.3,0.0,3.3,5.0,SP - Capital
492,3543907.0,Rio Claro,70.1,81.1,67.2,15.5,23.5,31.0,6.2,5.6,5.5,5.39,23.3,10.1,34.0,26.3,6.3,5.6,42.6,46.3,5.5,4.9,8.8,SP - Capital
493,3544004.0,Rio das Pedras,80.8,78.4,52.4,16.4,24.1,33.8,7.2,5.4,5.5,5.38,23.2,16.2,18.7,30.8,11.1,25.0,41.7,33.3,0.0,11.3,17.2,SP - Capital
494,3544103.0,Rio Grande da Serra,64.4,75.6,61.099999999999994,15.9,25.7,28.9,5.8,5.2,5.1,5.15,12.1,15.5,23.3,41.3,7.800000000000001,0.0,68.2,27.3,4.5,4.3,7.1,SP - Capital
495,3544202.0,Riolândia,58.8,76.2,51.2,24.0,25.2,24.9,9.0,5.0,8.0,5.01,16.0,24.6,23.2,23.2,13.0,0.0,44.4,55.6,0.0,3.3,4.1,SP - Capital
496,3544251.0,Rosana,43.7,80.5,55.5,15.6,18.1,18.6,7.8,7.2,7.1,5.31,26.6,20.1,20.6,25.9,6.800000000000001,5.3,47.4,47.3,0.0,2.7,7.9,SP - Capital
497,3544301.0,Roseira,52.5,70.6,68.9,18.8,20.0,27.7,7.1,5.8,5.6,5.31,26.5,7.8,20.6,34.3,10.8,0.0,83.3,16.7,0.0,7.4,11.4,SP - Capital
498,3544400.0,Rubiácea,30.3,81.9,41.5,11.2,17.5,14.3,5.5,4.9,5.2,5.09,22.8,2.9,17.1,48.6,8.6,20.0,20.0,60.0,0.0,4.6,9.0,SP - Capital
499,3544509.0,Rubinéia,66.7,78.4,50.0,14.4,18.5,28.7,10.0,7.1,7.1,5.48,7.7,38.5,17.9,28.2,7.699999999999999,0.0,75.0,25.0,0.0,2.3,8.1,SP - Capital
500,3544608.0,Sabino,74.1,83.7,62.2,19.1,23.5,29.4,9.2,7.2,7.0,5.35,43.7,12.8,17.9,17.9,7.7,0.0,0.0,60.0,40.0,8.5,11.6,SP - Capital
501,3544707.0,Sagres,62.5,85.2,55.2,15.2,16.0,7.9,7.7,6.7,6.6,4.98,37.9,0.0,41.4,20.7,0.0,0.0,33.3,33.3,33.4,6.3,8.1,SP - Capital
502,3544806.0,Sales,100.0,91.7,58.3,15.1,22.4,26.6,8.1,5.0,5.3,5.12,37.8,2.2,17.8,20.0,22.200000000000003,0.0,25.0,75.0,0.0,4.2,12.9,SP - Capital
503,3544905.0,Sales Oliveira,46.4,78.3,72.2,15.2,20.1,27.1,6.7,6.1,7.1,5.45,26.2,8.3,36.9,25.0,3.5999999999999996,0.0,16.7,50.0,33.3,3.5,9.2,SP - Capital
504,3545001.0,Salesópolis,87.5,83.8,68.8,17.6,24.4,29.9,5.0,5.5,5.5,5.1,41.3,5.0,19.3,27.7,6.7,0.0,45.5,54.5,0.0,7.4,11.5,SP - Capital
505,3545100.0,Salmourão,27.3,77.2,49.0,15.1,22.1,22.4,7.6,5.9,6.3,5.05,25.0,22.2,19.4,27.8,5.6,0.0,66.7,33.3,0.0,4.9,8.9,SP - Capital
506,3545159.0,Saltinho,64.5,83.5,70.6,17.2,25.4,31.3,6.4,5.9,7.0,5.69,53.4,6.7,33.3,4.4,2.2,0.0,20.0,20.0,60.0,6.8,5.0,SP - Capital
507,3545209.0,Salto,39.1,76.9,59.9,16.8,26.8,30.9,6.8,5.4,5.4,5.47,16.7,18.2,23.0,32.4,9.7,3.9,37.3,51.0,7.8,3.2,7.0,SP - Capital
508,3545308.0,Salto de Pirapora,85.9,85.7,57.5,17.3,23.1,28.5,6.9,6.0,6.2,5.29,34.6,14.0,25.1,21.6,4.699999999999999,11.1,55.6,27.8,5.5,4.7,7.3,SP - Capital
509,3545407.0,Salto Grande,68.6,67.8,41.3,21.0,24.6,27.0,8.3,5.5,5.3,5.21,33.5,0.0,21.7,30.4,14.4,16.7,33.3,33.3,16.7,4.5,13.8,SP - Capital
510,3545506.0,Sandovalina,88.4,78.9,56.7,14.6,17.8,12.0,8.4,5.6,5.5,5.33,30.6,5.6,25.0,19.4,19.4,0.0,33.3,33.3,33.4,5.0,5.8,SP - Capital
511,3545605.0,Santa Adélia,65.4,84.3,66.7,15.3,19.2,23.2,8.3,5.9,8.6,5.32,16.0,9.4,23.6,38.7,12.3,16.7,25.0,58.3,0.0,2.3,9.2,SP - Capital
512,3545704.0,Santa Albertina,52.9,80.1,60.7,14.3,23.8,26.5,7.4,7.2,7.1,5.33,8.3,29.2,33.3,29.2,0.0,0.0,60.0,40.0,0.0,2.6,5.7,SP - Capital
513,3545803.0,Santa Bárbara d'Oeste,65.7,78.2,60.4,16.1,27.1,28.0,8.9,6.8,6.1,5.47,11.8,28.4,30.9,23.9,5.0,31.4,36.4,30.5,1.7,2.5,7.6,SP - Capital
514,3546009.0,Santa Branca,90.2,83.4,69.1,14.5,21.0,26.6,6.5,5.6,5.4,5.02,34.6,9.2,14.9,26.4,14.899999999999999,8.3,66.7,25.0,0.0,9.7,21.4,SP - Capital
515,3546108.0,Santa Clara d'Oeste,70.0,76.7,50.0,18.2,18.9,17.3,11.0,9.1,9.0,5.3,6.1,25.0,25.0,31.3,12.6,0.0,0.0,100.0,0.0,3.5,0.0,SP - Capital
516,3546207.0,Santa Cruz da Conceição,69.8,72.7,52.9,10.3,18.4,16.4,5.6,6.6,5.0,5.47,27.1,2.7,21.6,35.1,13.5,0.0,25.0,0.0,75.0,5.4,19.6,SP - Capital
517,3546256.0,Santa Cruz da Esperança,47.6,79.5,50.9,10.9,19.6,10.0,7.8,4.9,4.9,5.34,38.0,23.8,4.8,28.6,4.8,0.0,25.0,0.0,75.0,5.5,5.8,SP - Capital
518,3546306.0,Santa Cruz das Palmeiras,60.6,80.4,61.3,13.5,21.2,24.3,5.5,5.6,6.1,5.11,26.5,7.9,20.7,35.7,9.2,0.0,28.6,66.7,4.7,2.1,10.7,SP - Capital
519,3546405.0,Santa Cruz do Rio Pardo,80.3,80.2,62.9,16.2,26.7,27.0,7.6,6.6,6.1,5.39,14.9,27.1,31.8,19.0,7.2,14.7,14.7,38.2,32.4,1.3,8.3,SP - Capital
520,3546504.0,Santa Ernestina,61.5,73.4,63.8,17.5,21.3,23.0,8.7,5.9,5.0,5.2,26.0,0.0,12.0,46.0,16.0,0.0,50.0,50.0,0.0,1.7,5.3,SP - Capital
521,3546603.0,Santa Fé do Sul,52.1,73.9,71.3,18.4,24.4,34.7,7.4,5.9,5.6,5.53,13.1,23.2,26.2,25.7,11.8,20.0,64.0,16.0,0.0,3.7,4.3,SP - Capital
522,3546702.0,Santa Gertrudes,44.4,83.5,70.6,13.2,24.8,31.4,5.3,5.1,5.6,5.34,25.9,12.7,24.7,28.7,8.0,11.1,55.6,33.3,0.0,6.7,12.3,SP - Capital
523,3546801.0,Santa Isabel,78.5,83.89999999999999,57.8,18.2,24.2,27.3,6.1,5.3,5.7,5.28,21.9,14.5,25.8,28.8,9.0,5.9,47.1,47.0,0.0,5.9,9.8,SP - Capital
524,3546900.0,Santa Lúcia,28.3,77.0,57.1,17.1,20.3,28.2,5.5,6.2,7.0,5.3,43.1,7.8,21.6,23.5,4.0,16.7,16.7,16.7,49.9,2.8,7.7,SP - Capital
525,3547007.0,Santa Maria da Serra,45.1,80.9,52.4,13.9,21.8,23.5,7.0,7.9,6.7,5.22,28.5,3.6,23.2,42.9,1.8,25.0,25.0,25.0,25.0,6.3,13.4,SP - Capital
526,3547106.0,Santa Mercedes,77.8,75.0,61.8,14.0,20.6,13.7,7.6,6.3,6.9,5.1,35.7,0.0,39.3,17.9,7.1,20.0,40.0,20.0,20.0,2.1,7.5,SP - Capital
527,3547205.0,Santana da Ponte Pensa,100.0,77.8,57.1,11.5,16.0,10.0,7.0,8.8,8.4,5.61,20.0,20.0,24.0,36.0,0.0,0.0,50.0,0.0,50.0,2.8,3.3,SP - Capital
528,3547304.0,Santana de Parnaíba,59.9,79.9,74.60000000000001,18.3,24.8,29.1,6.9,5.5,4.9,5.34,17.2,24.0,17.7,30.0,11.1,8.6,60.5,29.6,1.3,4.4,8.6,SP - Capital
529,3547403.0,Santa Rita d'Oeste,76.7,78.1,50.0,14.3,20.8,15.3,7.8,6.8,9.1,5.4,23.1,0.0,15.4,61.5,0.0,0.0,0.0,100.0,0.0,1.6,6.5,SP - Capital
530,3547502.0,Santa Rita do Passa Quatro,66.7,82.89999999999999,53.1,14.3,21.2,28.8,8.1,6.5,5.9,5.47,23.2,16.9,29.9,24.9,5.1,29.2,33.3,29.2,8.3,3.9,13.3,SP - Capital
531,3547601.0,Santa Rosa de Viterbo,68.4,77.60000000000001,66.6,12.8,21.2,27.3,7.4,5.6,5.5,5.34,20.2,12.4,33.1,22.5,11.8,4.5,27.3,59.1,9.1,4.6,13.0,SP - Capital
532,3547650.0,Santa Salete,85.7,80.8,54.8,14.7,25.0,21.2,7.5,5.4,5.5,5.59,4.6,0.0,22.7,40.9,31.8,0.0,50.0,50.0,0.0,2.0,2.2,SP - Capital
533,3547700.0,Santo Anastácio,78.0,73.0,65.8,16.7,25.5,26.0,7.4,5.9,6.0,5.16,8.2,14.9,23.9,35.8,17.2,0.0,30.8,46.2,23.0,3.5,11.2,SP - Capital
534,3547809.0,Santo André,65.2,81.2,67.60000000000001,13.5,24.5,30.9,6.0,5.6,5.7,5.42,14.3,19.4,30.6,29.1,6.6,6.6,47.8,37.3,8.3,3.9,9.8,SP - Capital
535,3547908.0,Santo Antônio da Alegria,47.9,72.6,59.3,18.4,21.0,22.1,8.6,5.6,5.4,5.21,39.5,12.5,22.9,18.8,6.300000000000001,0.0,33.3,66.7,0.0,4.5,8.2,SP - Capital
536,3548005.0,Santo Antônio de Posse,46.2,81.1,60.800000000000004,12.7,21.9,31.7,9.3,6.1,4.8,5.37,25.1,7.7,28.7,29.4,9.100000000000001,5.9,70.6,17.6,5.9,17.0,24.3,SP - Capital
537,3548054.0,Santo Antônio do Aracanguá,37.7,84.9,50.9,13.6,17.9,16.7,5.6,5.7,5.1,5.25,29.6,3.1,37.5,18.8,11.0,14.3,14.3,71.4,0.0,3.9,7.7,SP - Capital
538,3548104.0,Santo Antônio do Jardim,39.3,79.9,55.2,16.4,23.2,24.8,6.9,5.3,5.2,5.41,14.3,3.6,21.4,50.0,10.700000000000001,16.7,50.0,16.7,16.6,6.5,13.7,SP - Capital
539,3548203.0,Santo Antônio do Pinhal,83.3,66.7,77.3,17.8,19.4,21.9,5.5,5.1,4.7,5.25,37.0,21.5,9.2,21.5,10.8,0.0,42.9,57.1,0.0,4.1,7.6,SP - Capital
540,3548302.0,Santo Expedito,60.0,83.3,36.4,13.8,19.5,19.0,7.6,5.3,4.9,5.26,29.7,7.4,14.8,37.0,11.100000000000001,0.0,33.3,66.7,0.0,6.2,14.2,SP - Capital
541,3548401.0,Santópolis do Aguapeí,62.0,87.7,43.6,13.7,20.1,17.3,9.1,7.7,6.1,5.19,40.0,34.3,14.3,11.4,0.0,0.0,0.0,100.0,0.0,4.1,8.8,SP - Capital
542,3548500.0,Santos,77.3,75.0,62.900000000000006,14.3,22.7,30.1,7.9,5.8,5.4,5.18,17.9,17.8,26.7,29.7,7.9,7.5,42.3,39.5,10.7,5.6,9.6,SP - Capital
543,3548609.0,São Bento do Sapucaí,95.2,66.6,66.7,16.3,21.5,29.4,5.9,6.8,5.3,5.33,24.7,9.9,37.0,21.0,7.4,9.1,54.5,9.1,27.3,3.7,11.8,SP - Capital
544,3548708.0,São Bernardo do Campo,66.8,79.89999999999999,66.9,16.9,26.5,32.2,6.7,5.9,5.7,5.4,13.3,22.4,31.5,27.1,5.7,5.7,40.5,49.0,4.8,5.7,12.0,SP - Capital
545,3548807.0,São Caetano do Sul,81.4,79.3,74.7,16.6,25.4,30.2,8.1,6.2,5.8,5.79,11.4,26.7,29.7,27.5,4.7,3.3,31.5,59.8,5.4,3.2,9.9,SP - Capital
546,3548906.0,São Carlos,70.9,76.89999999999999,70.39999999999999,13.8,25.5,30.8,6.8,5.8,6.1,5.5,16.8,20.1,26.5,30.8,5.8,2.1,28.3,35.9,33.7,3.4,7.3,SP - Capital
547,3549003.0,São Francisco,48.1,76.1,42.9,11.9,28.2,15.7,8.3,8.7,9.0,5.36,8.3,37.5,8.3,41.7,4.2,0.0,50.0,0.0,50.0,2.8,6.4,SP - Capital
548,3549102.0,São João da Boa Vista,71.5,80.89999999999999,65.5,16.5,24.3,32.4,8.1,6.2,5.9,5.43,16.5,16.5,22.7,39.1,5.2,6.2,29.2,55.4,9.2,2.7,6.3,SP - Capital
549,3549201.0,São João das Duas Pontes,90.0,85.0,57.1,12.2,17.4,19.3,4.0,6.4,9.0,5.2,27.0,3.8,26.9,42.3,0.0,0.0,33.3,33.3,33.4,8.6,13.8,SP - Capital
550,3549250.0,São João de Iracema,60.0,80.6,57.1,15.4,22.0,14.7,8.8,9.1,9.1,5.01,8.0,24.0,32.0,36.0,0.0,0.0,0.0,100.0,0.0,4.0,6.8,SP - Capital
551,3549300.0,São João do Pau d'Alho,60.0,92.0,61.9,20.6,17.4,9.6,9.6,6.8,6.7,5.44,28.0,16.0,24.0,28.0,4.0,0.0,33.3,33.3,33.4,1.9,3.2,SP - Capital
552,3549409.0,São Joaquim da Barra,80.8,76.39999999999999,63.1,18.0,27.1,29.8,6.6,5.7,6.6,5.36,12.4,24.2,38.2,18.3,6.9,5.7,34.3,48.6,11.4,2.9,5.6,SP - Capital
553,3549508.0,São José da Bela Vista,90.1,83.6,48.9,17.0,24.1,27.1,8.5,5.5,5.0,5.1,25.4,0.0,25.4,37.3,11.9,0.0,16.7,33.3,50.0,12.2,20.5,SP - Capital
554,3549607.0,São José do Barreiro,75.0,55.0,55.4,16.7,18.6,25.3,5.5,4.6,8.0,4.66,28.6,5.7,14.3,31.4,20.0,33.3,0.0,50.0,16.7,5.2,21.7,SP - Capital
555,3549706.0,São José do Rio Pardo,62.5,82.8,61.0,14.2,23.0,30.2,6.1,5.8,5.9,5.48,20.8,12.6,30.1,28.5,8.0,7.3,48.8,39.0,4.9,4.4,8.7,SP - Capital
556,3549805.0,São José do Rio Preto,81.9,81.0,67.1,15.5,24.9,31.8,7.5,5.7,5.7,5.44,21.0,24.8,25.9,22.1,6.2,2.3,29.2,49.2,19.3,4.3,8.8,SP - Capital
557,3549904.0,São José dos Campos,90.6,81.5,68.7,17.1,26.3,32.4,6.5,5.5,6.0,5.46,10.2,31.6,25.9,27.0,5.3,10.3,48.9,32.4,8.4,2.7,7.6,SP - Capital
558,3549953.0,São Lourenço da Serra,74.6,77.1,60.6,14.1,18.3,30.6,6.2,6.2,7.0,5.16,30.3,10.1,24.8,32.2,2.6,0.0,56.3,31.3,12.4,2.8,4.6,SP - Capital
559,3550001.0,São Luiz do Paraitinga,37.7,83.7,61.0,14.1,16.3,27.7,4.7,4.9,7.8,5.16,37.8,13.5,10.8,35.1,2.8,11.1,33.3,55.6,0.0,7.1,12.0,SP - Capital
560,3550100.0,São Manuel,52.8,77.6,63.5,16.5,23.3,22.4,7.7,5.7,6.2,5.34,29.8,16.2,19.6,29.6,4.8,0.0,30.4,60.9,8.7,3.6,8.0,SP - Capital
561,3550209.0,São Miguel Arcanjo,58.1,85.3,61.8,17.9,22.5,25.3,6.0,5.9,6.2,5.08,40.3,10.1,22.0,23.1,4.5,7.4,40.7,44.4,7.5,3.2,5.9,SP - Capital
563,3550407.0,São Pedro,83.7,81.0,64.2,17.1,19.9,25.5,8.7,5.0,6.4,5.54,20.1,11.5,22.6,36.8,9.0,3.7,44.4,44.4,7.5,9.3,14.4,SP - Capital
564,3550506.0,São Pedro do Turvo,56.6,83.2,65.8,17.5,22.7,25.3,8.3,5.3,5.4,5.18,36.4,3.0,16.7,34.8,9.1,0.0,16.7,83.3,0.0,9.8,13.4,SP - Capital
565,3550605.0,São Roque,79.8,80.2,66.10000000000001,15.0,22.9,29.9,7.4,5.5,6.1,5.31,21.2,16.6,22.0,31.9,8.3,7.2,37.7,47.8,7.3,6.9,16.4,SP - Capital
566,3550704.0,São Sebastião,52.5,78.8,58.6,18.6,23.4,27.9,8.0,5.0,6.9,5.2,15.1,16.6,23.2,36.0,9.100000000000001,42.5,47.5,8.8,1.2,4.0,8.1,SP - Capital
567,3550803.0,São Sebastião da Grama,57.1,68.2,56.5,17.8,19.5,17.8,5.1,5.7,5.0,5.16,23.3,8.1,30.3,31.3,7.0,0.0,55.6,33.3,11.1,5.1,13.1,SP - Capital
568,3550902.0,São Simão,54.0,71.0,62.7,11.7,20.6,23.0,8.7,7.8,7.1,5.27,13.3,20.0,43.7,14.1,8.9,0.0,42.1,47.4,10.5,10.4,8.7,SP - Capital
569,3551009.0,São Vicente,54.2,82.5,62.2,16.5,24.4,28.2,6.8,5.4,5.4,5.05,13.1,18.5,23.7,34.5,10.2,23.2,38.1,32.0,6.7,11.3,18.6,SP - Capital
570,3551108.0,Sarapuí,82.5,90.3,61.7,12.9,23.9,24.0,6.7,6.0,5.8,5.15,42.9,14.3,37.1,5.7,0.0,0.0,25.0,62.5,12.5,2.7,13.6,SP - Capital
571,3551207.0,Sarutaiá,26.2,80.1,50.9,21.8,19.5,19.6,8.5,6.8,5.6,5.17,30.5,2.8,19.4,41.7,5.6,0.0,33.3,0.0,66.7,2.1,1.9,SP - Capital
572,3551306.0,Sebastianópolis do Sul,60.7,86.2,45.0,16.1,20.7,24.8,9.0,6.9,9.0,5.55,18.9,5.4,18.9,56.8,0.0,0.0,33.3,66.7,0.0,2.0,8.1,SP - Capital
573,3551405.0,Serra Azul,47.6,81.6,47.7,16.4,22.0,26.5,6.2,5.7,6.8,5.21,32.4,4.1,39.2,18.9,5.4,0.0,36.4,54.5,9.1,12.3,19.2,SP - Capital
574,3551504.0,Serrana,62.2,75.6,59.800000000000004,16.6,24.8,33.3,7.1,5.0,5.4,5.23,11.5,5.4,33.1,39.5,10.5,3.7,37.0,51.9,7.4,8.0,18.0,SP - Capital
575,3551603.0,Serra Negra,63.2,76.0,55.7,13.9,24.6,23.7,7.9,5.8,5.5,5.27,18.4,25.1,17.8,27.7,11.0,16.0,60.0,24.0,0.0,2.3,10.8,SP - Capital
576,3551702.0,Sertãozinho,80.2,74.3,66.0,16.1,24.7,31.3,6.3,5.3,5.5,5.32,23.6,13.5,22.0,31.0,9.9,5.7,50.0,40.0,4.3,11.6,15.4,SP - Capital
577,3551801.0,Sete Barras,76.5,73.0,51.6,17.5,21.9,25.4,4.5,5.0,4.8,4.9,37.1,16.4,6.9,33.6,6.0,38.9,44.4,16.7,0.0,4.6,8.5,SP - Capital
578,3551900.0,Severínia,84.4,78.8,82.2,17.1,20.0,28.7,8.0,5.4,7.3,5.16,34.4,3.0,24.2,29.3,9.1,33.3,66.7,0.0,0.0,5.9,9.6,SP - Capital
579,3552007.0,Silveiras,73.1,72.1,57.3,17.2,19.7,24.1,5.0,6.0,4.6,4.86,27.1,4.2,33.3,20.8,14.600000000000001,0.0,25.0,50.0,25.0,5.8,18.7,SP - Capital
580,3552106.0,Socorro,64.2,70.4,62.9,15.1,22.5,28.4,7.1,5.5,5.4,5.34,28.4,10.2,25.6,26.2,9.600000000000001,16.2,48.6,32.4,2.8,1.6,5.5,SP - Capital
581,3552205.0,Sorocaba,64.0,83.7,68.2,17.5,25.9,33.0,7.0,5.6,6.2,5.47,18.6,24.6,33.7,18.8,4.3,10.6,42.3,39.4,7.7,3.1,5.4,SP - Capital
582,3552304.0,Sud Mennucci,90.9,79.4,60.3,15.0,19.4,30.6,8.8,8.0,9.0,5.43,31.0,14.5,23.6,27.3,3.6,0.0,50.0,37.5,12.5,1.7,4.2,SP - Capital
583,3552403.0,Sumaré,46.4,76.39999999999999,56.1,15.5,27.9,30.0,6.7,5.4,5.5,5.38,10.4,23.0,26.6,33.3,6.7,13.5,53.5,28.4,4.6,4.9,9.3,SP - Capital
584,3552502.0,Suzano,62.7,83.30000000000001,69.0,18.1,26.7,33.7,6.0,5.4,5.4,5.3,7.4,17.2,26.3,39.2,9.9,7.7,47.3,40.2,4.8,3.6,9.5,SP - Capital
585,3552551.0,Suzanápolis,40.0,83.2,75.0,10.1,20.6,24.8,5.2,6.8,7.0,5.39,30.5,5.6,13.9,44.4,5.6,0.0,60.0,40.0,0.0,6.1,14.1,SP - Capital
586,3552601.0,Tabapuã,82.4,83.8,71.4,17.4,25.9,26.2,10.2,6.7,6.8,5.34,17.3,26.7,26.7,22.7,6.6,0.0,42.9,57.1,0.0,3.3,11.1,SP - Capital
587,3552700.0,Tabatinga,91.3,81.3,63.5,16.8,22.5,24.9,7.5,5.7,5.5,5.24,22.0,8.5,22.9,39.0,7.6,0.0,16.7,33.3,50.0,2.7,6.3,SP - Capital
588,3552809.0,Taboão da Serra,48.8,78.0,61.1,21.1,28.6,33.1,6.7,5.4,5.1,5.28,6.1,21.5,26.0,36.1,10.3,19.3,54.8,25.9,0.0,3.0,9.9,SP - Capital
589,3552908.0,Taciba,77.8,78.2,48.2,16.1,24.6,26.3,7.9,5.7,5.7,5.39,26.0,12.0,14.0,42.0,6.0,40.0,0.0,60.0,0.0,10.6,7.0,SP - Capital
590,3553005.0,Taguaí,55.1,80.8,43.6,18.0,23.6,27.2,9.5,5.9,4.5,5.15,33.7,5.9,21.8,25.7,12.9,0.0,20.0,60.0,20.0,1.9,3.8,SP - Capital
591,3553104.0,Taiaçu,88.6,80.1,67.9,15.3,23.6,24.0,7.7,6.4,7.0,5.11,20.4,6.1,34.7,32.7,6.1,0.0,20.0,60.0,20.0,4.9,7.6,SP - Capital
592,3553203.0,Taiúva,90.0,79.2,58.9,16.4,23.1,23.7,9.2,7.7,7.3,5.24,17.2,2.4,36.6,34.1,9.7,20.0,20.0,60.0,0.0,2.2,1.4,SP - Capital
593,3553302.0,Tambaú,56.9,75.2,61.4,15.9,21.3,30.3,7.2,5.5,5.6,5.31,16.0,9.7,29.2,37.4,7.699999999999999,0.0,36.4,63.6,0.0,3.4,9.1,SP - Capital
594,3553401.0,Tanabi,68.3,74.3,71.0,16.0,23.5,37.3,8.6,6.0,6.2,5.26,36.8,12.4,29.2,16.2,5.4,0.0,11.1,33.3,55.6,2.6,6.8,SP - Capital
595,3553500.0,Tapiraí,52.2,70.4,61.3,19.0,26.0,24.3,7.9,7.0,7.8,4.98,20.0,18.7,20.0,40.0,1.3,0.0,62.5,12.5,25.0,4.5,9.2,SP - Capital
596,3553609.0,Tapiratiba,90.5,73.5,42.1,13.4,19.6,20.5,4.3,5.9,5.3,5.33,25.0,10.4,24.0,30.2,10.4,18.2,54.5,27.3,0.0,5.9,18.0,SP - Capital
597,3553658.0,Taquaral,76.0,84.5,93.5,12.0,19.2,16.0,7.5,6.5,5.3,5.24,19.2,15.4,23.1,30.8,11.5,33.3,0.0,66.7,0.0,3.6,7.1,SP - Capital
598,3553708.0,Taquaritinga,64.8,79.0,69.1,14.7,23.3,28.7,8.7,6.2,6.0,5.34,21.5,16.4,21.5,33.3,7.3,7.0,32.6,51.2,9.2,2.5,6.4,SP - Capital
599,3553807.0,Taquarituba,51.7,69.7,62.699999999999996,13.7,22.0,26.7,8.3,6.0,6.7,5.17,28.4,12.8,25.7,24.8,8.3,0.0,23.8,66.7,9.5,3.2,5.4,SP - Capital
600,3553856.0,Taquarivaí,93.3,85.6,46.6,19.3,19.6,26.6,5.5,4.6,4.9,5.0,38.2,7.1,14.3,23.8,16.6,14.3,14.3,71.4,0.0,3.7,13.1,SP - Capital
601,3553906.0,Tarabai,88.6,72.2,47.2,16.1,20.2,16.2,7.2,5.5,5.0,5.25,28.8,7.7,23.1,32.7,7.7,0.0,33.3,33.3,33.4,2.1,16.6,SP - Capital
602,3553955.0,Tarumã,67.2,84.6,55.7,22.8,25.1,26.4,8.3,6.9,5.5,5.41,24.8,15.0,27.8,24.1,8.3,20.0,30.0,50.0,0.0,2.7,8.8,SP - Capital
603,3554003.0,Tatuí,44.1,73.60000000000001,63.0,14.7,23.9,32.0,6.7,5.7,6.3,5.29,27.4,13.6,27.8,24.3,6.9,9.3,35.1,48.5,7.1,3.4,7.1,SP - Capital
604,3554102.0,Taubaté,53.300000000000004,75.60000000000001,68.1,12.3,23.6,28.3,8.3,5.9,6.1,5.42,10.7,14.0,40.6,28.1,6.6000000000000005,26.1,47.3,20.8,5.8,3.6,9.4,SP - Capital
605,3554201.0,Tejupá,71.9,81.9,48.4,13.8,16.8,15.5,9.7,5.4,4.7,4.97,30.7,9.6,5.8,32.7,21.2,10.0,30.0,40.0,20.0,4.3,10.9,SP - Capital
606,3554300.0,Teodoro Sampaio,83.2,76.8,53.4,14.2,19.3,16.7,5.9,5.8,5.9,5.19,20.0,9.2,26.9,26.6,17.3,19.2,23.1,50.0,7.7,2.2,6.8,SP - Capital
607,3554409.0,Terra Roxa,93.5,93.9,67.5,16.0,19.0,24.7,6.3,6.0,7.7,5.31,37.0,14.8,5.6,33.3,9.3,14.3,14.3,57.1,14.3,1.0,7.5,SP - Capital
608,3554508.0,Tietê,55.4,76.2,65.5,13.4,21.1,30.5,9.2,5.5,5.7,5.39,21.5,19.0,25.3,26.3,7.9,2.7,10.8,83.8,2.7,3.6,7.7,SP - Capital
609,3554607.0,Timburi,86.8,83.5,57.1,12.4,19.4,25.7,8.1,5.4,5.6,5.23,34.9,0.0,0.0,56.5,8.6,0.0,100.0,0.0,0.0,4.1,3.9,SP - Capital
610,3554656.0,Torre de Pedra,50.0,82.1,80.0,17.3,24.5,17.4,6.7,5.7,4.7,5.3,15.0,20.0,15.0,15.0,35.0,0.0,33.3,66.7,0.0,8.2,12.9,SP - Capital
611,3554706.0,Torrinha,66.7,76.5,60.2,17.0,24.4,26.5,7.4,6.2,5.6,5.43,15.5,21.5,21.5,35.4,6.1,12.5,50.0,25.0,12.5,2.6,10.1,SP - Capital
612,3554755.0,Trabiju,85.7,71.8,39.7,13.4,14.1,16.5,5.3,4.9,7.2,4.99,31.5,15.8,0.0,47.4,5.3,0.0,33.3,66.7,0.0,8.0,15.5,SP - Capital
613,3554805.0,Tremembé,58.2,80.30000000000001,67.4,15.4,23.1,31.5,5.1,5.1,5.9,5.22,22.7,20.6,25.2,25.5,6.0,35.5,38.7,19.4,6.4,6.3,12.5,SP - Capital
614,3554904.0,Três Fronteiras,54.5,83.5,66.0,15.4,24.7,27.5,6.8,6.1,5.7,5.53,24.5,8.9,20.0,42.2,4.4,0.0,33.3,33.3,33.4,4.5,5.3,SP - Capital
615,3554953.0,Tuiuti,53.3,78.1,82.1,17.4,22.3,29.8,7.6,5.8,6.7,5.21,31.1,6.3,18.8,29.2,14.6,0.0,33.3,50.0,16.7,2.9,13.4,SP - Capital
616,3555000.0,Tupã,47.6,77.9,65.8,15.0,22.4,32.2,7.9,6.4,6.3,5.45,16.8,26.2,28.8,20.8,7.4,17.0,34.0,42.6,6.4,2.4,5.3,SP - Capital
617,3555109.0,Tupi Paulista,63.2,77.8,62.4,10.8,21.8,28.8,5.9,5.3,6.7,5.48,35.7,9.2,26.5,19.4,9.2,0.0,27.3,54.5,18.2,1.9,4.2,SP - Capital
618,3555208.0,Turiúba,21.1,58.9,53.6,12.3,19.1,19.0,8.3,8.7,9.0,5.27,27.2,9.1,27.3,36.4,0.0,0.0,0.0,33.3,66.7,5.8,7.0,SP - Capital
619,3555307.0,Turmalina,37.0,80.5,35.7,15.6,15.9,13.3,9.6,8.5,9.1,5.31,20.0,4.0,8.0,64.0,4.0,0.0,25.0,75.0,0.0,4.2,15.0,SP - Capital
620,3555356.0,Ubarana,72.5,74.7,55.2,18.4,22.4,25.9,8.4,4.9,6.8,5.06,36.3,3.0,27.3,18.2,15.2,0.0,16.7,50.0,33.3,6.5,14.3,SP - Capital
621,3555406.0,Ubatuba,59.4,79.2,59.5,20.6,23.7,26.6,6.6,5.4,5.7,5.05,29.9,15.8,21.8,25.9,6.6,6.7,61.3,30.7,1.3,5.0,8.5,SP - Capital
622,3555505.0,Ubirajara,43.5,80.3,58.9,16.2,20.8,28.3,5.9,5.9,6.2,5.06,31.8,9.1,38.6,15.9,4.6,20.0,0.0,60.0,20.0,5.2,12.9,SP - Capital
623,3555604.0,Uchoa,97.4,79.6,67.7,13.8,20.0,22.8,9.1,5.0,5.2,5.45,40.3,3.5,21.1,28.1,7.0,0.0,42.9,57.1,0.0,8.0,27.7,SP - Capital
624,3555703.0,União Paulista,100.0,80.3,52.0,15.1,22.4,25.0,7.8,8.8,5.2,5.16,17.4,26.1,34.8,21.7,0.0,0.0,50.0,50.0,0.0,3.0,10.1,SP - Capital
625,3555802.0,Urânia,51.5,81.3,55.4,18.7,24.0,25.0,7.2,7.8,6.9,5.29,30.1,12.7,34.9,17.5,4.800000000000001,33.3,16.7,50.0,0.0,2.4,8.0,SP - Capital
626,3555901.0,Uru,50.0,77.8,67.9,13.2,22.1,13.0,6.8,8.7,8.5,5.39,12.5,20.8,29.2,33.3,4.2,0.0,50.0,50.0,0.0,1.0,5.1,SP - Capital
627,3556008.0,Urupês,86.7,83.8,72.8,16.9,19.2,25.3,7.1,5.3,5.6,5.34,36.5,9.7,22.6,25.8,5.4,0.0,11.1,77.8,11.1,1.4,8.6,SP - Capital
628,3556107.0,Valentim Gentil,85.3,80.2,59.5,18.4,24.7,34.1,6.2,5.9,7.0,5.29,46.6,16.4,28.8,8.2,0.0,0.0,33.3,0.0,66.7,3.5,7.5,SP - Capital
629,3556206.0,Valinhos,61.3,81.1,71.0,13.9,22.2,30.3,6.5,5.3,5.8,5.59,20.9,18.6,30.3,24.9,5.3,14.3,24.7,44.2,16.8,9.0,14.4,SP - Capital
630,3556305.0,Valparaíso,66.2,78.8,59.7,18.8,25.4,26.0,6.8,5.6,5.4,5.17,21.7,15.3,16.5,33.5,13.0,15.8,31.6,31.6,21.0,2.9,5.2,SP - Capital
631,3556354.0,Vargem,69.7,69.7,45.3,17.1,22.8,27.1,6.3,5.0,4.0,5.3,25.4,9.8,27.5,31.4,5.9,0.0,60.0,30.0,10.0,8.4,11.4,SP - Capital
632,3556404.0,Vargem Grande do Sul,66.6,71.1,67.3,13.4,21.6,29.6,5.6,5.8,5.8,5.33,19.2,5.7,33.0,34.7,7.4,0.0,20.8,66.7,12.5,3.6,14.6,SP - Capital
633,3556453.0,Vargem Grande Paulista,58.6,78.5,58.0,15.6,23.6,28.4,6.4,5.5,6.1,5.37,18.0,13.9,36.1,26.7,5.300000000000001,6.7,40.0,48.9,4.4,3.8,11.8,SP - Capital
634,3556503.0,Várzea Paulista,48.9,76.1,60.9,14.4,27.9,33.6,5.8,5.7,5.6,5.34,17.7,25.0,35.6,17.2,4.5,6.1,73.5,16.3,4.1,3.0,8.1,SP - Capital
635,3556602.0,Vera Cruz,88.9,85.0,65.7,17.4,21.5,25.0,6.5,6.4,7.0,5.33,23.0,26.2,26.2,24.6,0.0,12.5,12.5,62.5,12.5,2.7,7.2,SP - Capital
636,3556701.0,Vinhedo,46.1,81.30000000000001,67.5,14.5,21.9,30.4,9.5,8.1,5.9,5.59,25.3,15.1,26.8,27.9,4.8999999999999995,1.8,41.8,54.5,1.9,8.3,12.1,SP - Capital
637,3556800.0,Viradouro,45.3,81.6,64.4,16.5,24.2,25.9,7.2,5.9,5.2,5.23,26.9,13.8,20.0,28.3,11.0,0.0,46.7,33.3,20.0,2.3,2.3,SP - Capital
638,3556909.0,Vista Alegre do Alto,93.2,75.6,47.6,13.5,22.3,20.6,7.9,5.9,4.9,4.97,22.4,3.4,20.7,46.6,6.9,20.0,0.0,40.0,40.0,4.1,7.3,SP - Capital
639,3556958.0,Vitória Brasil,100.0,70.8,48.0,15.7,21.1,24.8,4.5,5.1,4.3,5.16,31.5,10.5,21.1,31.6,5.3,0.0,66.7,0.0,33.3,1.6,9.8,SP - Capital
640,3557006.0,Votorantim,68.5,86.80000000000001,61.8,19.9,25.2,29.1,6.8,5.9,5.9,5.37,23.7,18.1,32.7,21.5,4.0,17.7,38.0,40.5,3.8,2.1,5.8,SP - Capital
641,3557105.0,Votuporanga,59.5,77.0,64.0,19.2,25.4,33.3,9.1,6.8,6.7,5.37,13.6,21.4,35.8,22.5,6.699999999999999,6.7,28.3,53.3,11.7,3.0,5.5,SP - Capital
642,3557154.0,Zacarias,80.0,67.2,60.7,12.1,19.1,29.3,4.8,6.7,7.5,5.24,24.3,3.4,37.9,31.0,3.4,0.0,33.3,66.7,0.0,5.6,8.0,SP - Capital
643,3557204.0,Chavantes,60.4,77.1,55.7,14.7,21.1,23.0,6.5,5.2,5.2,5.13,21.1,6.1,16.7,41.2,14.899999999999999,9.1,27.3,63.6,0.0,3.0,9.3,SP - Capital
644,3557303.0,Estiva Gerbi,94.5,80.2,73.8,16.3,21.1,26.4,8.1,8.1,5.0,5.37,18.3,19.1,40.9,13.9,7.8,0.0,50.0,50.0,0.0,7.7,11.5,SP - Capital
